{
  "type": "FeatureCollection",
  "name": "sportstaetten",
  "crs": {
    "type": "name",
    "properties": {
      "name": "urn:ogc:def:crs:OGC:1.3:CRS84"
    }
  },
  "features": [
    {
      "type": "Feature",
      "properties": {
        "ID": 210,
        "Plz": 48153.0,
        "Strname": "Am Berg Fidel",
        "Hsnr": 51.0,
        "Rechtswert": 3405419.0,
        "Hochwert": 5755854.0,
        "Kategorie": "Turn- und Sporthallen",
        "Typ": "Krafträume"
      },
      "geometry": {
        "type": "Point",
        "coordinates": [
          7.623919199088479,
          51.928614294336306
        ]
      }
    },
    {
      "type": "Feature",
      "properties": {
        "ID": 211,
        "Plz": 48153.0,
        "Strname": "Am Berg Fidel",
        "Hsnr": 51.0,
        "Rechtswert": 3405419.0,
        "Hochwert": 5755854.0,
        "Kategorie": "Turn- und Sporthallen",
        "Typ": "Dreifachhallen"
      },
      "geometry": {
        "type": "Point",
        "coordinates": [
          7.623919199088479,
          51.928614294336306
        ]
      }
    },
    {
      "type": "Feature",
      "properties": {
        "ID": 212,
        "Plz": 48153.0,
        "Strname": "Am Berg Fidel",
        "Hsnr": 51.0,
        "Rechtswert": 3405419.0,
        "Hochwert": 5755854.0,
        "Kategorie": "Sondersportanlagen",
        "Typ": "Skateanlagen"
      },
      "geometry": {
        "type": "Point",
        "coordinates": [
          7.623919199088479,
          51.928614294336306
        ]
      }
    },
    {
      "type": "Feature",
      "properties": {
        "ID": 213,
        "Plz": 48167.0,
        "Strname": "Am Hohen Ufer",
        "Hsnr": 111.0,
        "Rechtswert": 3410100.0,
        "Hochwert": 5755839.0,
        "Kategorie": "Bezirkssportanlage",
        "Typ": "überlassen"
      },
      "geometry": {
        "type": "Point",
        "coordinates": [
          7.691955971284583,
          51.92925461092243
        ]
      }
    },
    {
      "type": "Feature",
      "properties": {
        "ID": 214,
        "Plz": 48167.0,
        "Strname": "Am Hohen Ufer",
        "Hsnr": 111.0,
        "Rechtswert": 3410100.0,
        "Hochwert": 5755839.0,
        "Kategorie": "Sondersportanlagen",
        "Typ": "Bouleanlagen"
      },
      "geometry": {
        "type": "Point",
        "coordinates": [
          7.691955971284583,
          51.92925461092243
        ]
      }
    },
    {
      "type": "Feature",
      "properties": {
        "ID": 215,
        "Plz": 48167.0,
        "Strname": "Am Hohen Ufer",
        "Hsnr": 111.0,
        "Rechtswert": 3410100.0,
        "Hochwert": 5755839.0,
        "Kategorie": "Sondersportanlagen",
        "Typ": "Speckbrettanlagen"
      },
      "geometry": {
        "type": "Point",
        "coordinates": [
          7.691955971284583,
          51.92925461092243
        ]
      }
    },
    {
      "type": "Feature",
      "properties": {
        "ID": 216,
        "Plz": 48167.0,
        "Strname": "Am Hohen Ufer",
        "Hsnr": 111.0,
        "Rechtswert": 3410100.0,
        "Hochwert": 5755839.0,
        "Kategorie": "Sondersportanlagen",
        "Typ": "Beachvolleyballanlagen"
      },
      "geometry": {
        "type": "Point",
        "coordinates": [
          7.691955971284583,
          51.92925461092243
        ]
      }
    },
    {
      "type": "Feature",
      "properties": {
        "ID": 217,
        "Plz": 48143.0,
        "Strname": "Am Stadtgraben",
        "Hsnr": 30.0,
        "Rechtswert": 3405034.0,
        "Hochwert": 5759339.0,
        "Kategorie": "Turn- und Sporthallen",
        "Typ": "Zweifachhalle"
      },
      "geometry": {
        "type": "Point",
        "coordinates": [
          7.617362200475887,
          51.95986104655738
        ]
      }
    },
    {
      "type": "Feature",
      "properties": {
        "ID": 218,
        "Plz": 48167.0,
        "Strname": "Am Wigbold",
        "Hsnr": 11.0,
        "Rechtswert": 3412624.0,
        "Hochwert": 5754253.0,
        "Kategorie": "Turn- und Sporthallen",
        "Typ": "Einfachhallen"
      },
      "geometry": {
        "type": "Point",
        "coordinates": [
          7.729042618325603,
          51.91540558107966
        ]
      }
    },
    {
      "type": "Feature",
      "properties": {
        "ID": 219,
        "Plz": 48165.0,
        "Strname": "An der Alten Kirche",
        "Hsnr": 161.0,
        "Rechtswert": 3405549.0,
        "Hochwert": 5753073.0,
        "Kategorie": "Turn- und Sporthallen",
        "Typ": "Zweifachhalle"
      },
      "geometry": {
        "type": "Point",
        "coordinates": [
          7.626570507327211,
          51.90364923933159
        ]
      }
    },
    {
      "type": "Feature",
      "properties": {
        "ID": 220,
        "Plz": 48155.0,
        "Strname": "An der Konradkirche",
        "Hsnr": 7.0,
        "Rechtswert": 3409197.0,
        "Hochwert": 5759655.0,
        "Kategorie": "Turn- und Sporthallen",
        "Typ": "Einfachhallen"
      },
      "geometry": {
        "type": "Point",
        "coordinates": [
          7.677824821763752,
          51.9633952090325
        ]
      }
    },
    {
      "type": "Feature",
      "properties": {
        "ID": 221,
        "Plz": 48167.0,
        "Strname": "Anton-Knubel-Weg",
        "Hsnr": 10.0,
        "Rechtswert": 3408399.0,
        "Hochwert": 5756079.0,
        "Kategorie": "Turn- und Sporthallen",
        "Typ": "Dreifachhallen"
      },
      "geometry": {
        "type": "Point",
        "coordinates": [
          7.667169842105515,
          51.93113389467411
        ]
      }
    },
    {
      "type": "Feature",
      "properties": {
        "ID": 222,
        "Plz": 48167.0,
        "Strname": "Anton-Knubel-Weg",
        "Hsnr": 24.0,
        "Rechtswert": 3408537.0,
        "Hochwert": 5756024.0,
        "Kategorie": "Bezirkssportanlage",
        "Typ": "überlassen"
      },
      "geometry": {
        "type": "Point",
        "coordinates": [
          7.669190217957123,
          51.9306623943455
        ]
      }
    },
    {
      "type": "Feature",
      "properties": {
        "ID": 223,
        "Plz": 48149.0,
        "Strname": "Appelbreistiege",
        "Hsnr": 40.0,
        "Rechtswert": 3402567.0,
        "Hochwert": 5760269.0,
        "Kategorie": "Turn- und Sporthallen",
        "Typ": "Einfachhallen"
      },
      "geometry": {
        "type": "Point",
        "coordinates": [
          7.581220091385641,
          51.967790346067055
        ]
      }
    },
    {
      "type": "Feature",
      "properties": {
        "ID": 224,
        "Plz": 48149.0,
        "Strname": "Appelbreistiege",
        "Hsnr": 40.0,
        "Rechtswert": 3402567.0,
        "Hochwert": 5760269.0,
        "Kategorie": "Turn- und Sporthallen",
        "Typ": "Einfachhallen"
      },
      "geometry": {
        "type": "Point",
        "coordinates": [
          7.581220091385641,
          51.967790346067055
        ]
      }
    },
    {
      "type": "Feature",
      "properties": {
        "ID": 225,
        "Plz": 48161.0,
        "Strname": "Arnheimweg",
        "Hsnr": 40.0,
        "Rechtswert": 3402056.0,
        "Hochwert": 5760036.0,
        "Kategorie": "Bezirkssportanlage",
        "Typ": "nicht überlassen"
      },
      "geometry": {
        "type": "Point",
        "coordinates": [
          7.573853545762872,
          51.9656071910816
        ]
      }
    },
    {
      "type": "Feature",
      "properties": {
        "ID": 226,
        "Plz": 48161.0,
        "Strname": "Arnheimweg",
        "Hsnr": 40.0,
        "Rechtswert": 3402056.0,
        "Hochwert": 5760036.0,
        "Kategorie": "Sondersportanlagen",
        "Typ": "Beachvolleyballanlagen"
      },
      "geometry": {
        "type": "Point",
        "coordinates": [
          7.573853545762872,
          51.9656071910816
        ]
      }
    },
    {
      "type": "Feature",
      "properties": {
        "ID": 227,
        "Plz": 48161.0,
        "Strname": "Arnheimweg",
        "Hsnr": 40.0,
        "Rechtswert": 3402056.0,
        "Hochwert": 5760036.0,
        "Kategorie": "Sondersportanlagen",
        "Typ": "Speckbrettanlagen"
      },
      "geometry": {
        "type": "Point",
        "coordinates": [
          7.573853545762872,
          51.9656071910816
        ]
      }
    },
    {
      "type": "Feature",
      "properties": {
        "ID": 228,
        "Plz": 48161.0,
        "Strname": "Auf dem Dorn",
        "Hsnr": 17.0,
        "Rechtswert": 3399110.0,
        "Hochwert": 5758929.0,
        "Kategorie": "Turn- und Sporthallen",
        "Typ": "Einfachhallen"
      },
      "geometry": {
        "type": "Point",
        "coordinates": [
          7.531328977085213,
          51.95513493423999
        ]
      }
    },
    {
      "type": "Feature",
      "properties": {
        "ID": 229,
        "Plz": 48155.0,
        "Strname": "August-Schepers-Straße",
        "Hsnr": 20.0,
        "Rechtswert": 3407508.0,
        "Hochwert": 5758430.0,
        "Kategorie": "Bezirkssportanlage",
        "Typ": "überlassen"
      },
      "geometry": {
        "type": "Point",
        "coordinates": [
          7.653587875984711,
          51.95211040179068
        ]
      }
    },
    {
      "type": "Feature",
      "properties": {
        "ID": 230,
        "Plz": 48151.0,
        "Strname": "Bismarckallee",
        "Hsnr": 55.0,
        "Rechtswert": 3404464.0,
        "Hochwert": 5758486.0,
        "Kategorie": "Turn- und Sporthallen",
        "Typ": "Einfachhallen"
      },
      "geometry": {
        "type": "Point",
        "coordinates": [
          7.609309332003433,
          51.952099437329444
        ]
      }
    },
    {
      "type": "Feature",
      "properties": {
        "ID": 231,
        "Plz": 48165.0,
        "Strname": "Bodelschwinghstraße",
        "Hsnr": 22.0,
        "Rechtswert": 3406872.0,
        "Hochwert": 5753372.0,
        "Kategorie": "Turn- und Sporthallen",
        "Typ": "Einfachhallen"
      },
      "geometry": {
        "type": "Point",
        "coordinates": [
          7.645707102156048,
          51.9065582968687
        ]
      }
    },
    {
      "type": "Feature",
      "properties": {
        "ID": 232,
        "Plz": 48165.0,
        "Strname": "Bodelschwinghstraße",
        "Hsnr": 22.0,
        "Rechtswert": 3406872.0,
        "Hochwert": 5753372.0,
        "Kategorie": "Turn- und Sporthallen",
        "Typ": "Gymnastikräume"
      },
      "geometry": {
        "type": "Point",
        "coordinates": [
          7.645707102156048,
          51.9065582968687
        ]
      }
    },
    {
      "type": "Feature",
      "properties": {
        "ID": 233,
        "Plz": 48165.0,
        "Strname": "Bodelschwinghstraße",
        "Hsnr": 22.0,
        "Rechtswert": 3406872.0,
        "Hochwert": 5753372.0,
        "Kategorie": "Turn- und Sporthallen",
        "Typ": "Dreifachhallen"
      },
      "geometry": {
        "type": "Point",
        "coordinates": [
          7.645707102156048,
          51.9065582968687
        ]
      }
    },
    {
      "type": "Feature",
      "properties": {
        "ID": 234,
        "Plz": 48147.0,
        "Strname": "Bohlweg",
        "Hsnr": 7.0,
        "Rechtswert": 3406468.0,
        "Hochwert": 5760094.0,
        "Kategorie": "Turn- und Sporthallen",
        "Typ": "Einfachhallen"
      },
      "geometry": {
        "type": "Point",
        "coordinates": [
          7.638012410635754,
          51.96688752263818
        ]
      }
    },
    {
      "type": "Feature",
      "properties": {
        "ID": 235,
        "Plz": 48147.0,
        "Strname": "Bohlweg",
        "Hsnr": 7.0,
        "Rechtswert": 3406468.0,
        "Hochwert": 5760094.0,
        "Kategorie": "Turn- und Sporthallen",
        "Typ": "Einfachhallen"
      },
      "geometry": {
        "type": "Point",
        "coordinates": [
          7.638012410635754,
          51.96688752263818
        ]
      }
    },
    {
      "type": "Feature",
      "properties": {
        "ID": 236,
        "Plz": 48151.0,
        "Strname": "Bonhoefferstraße",
        "Hsnr": 54.0,
        "Rechtswert": 3404134.0,
        "Hochwert": 5757258.0,
        "Kategorie": "Turn- und Sporthallen",
        "Typ": "Dreifachhallen"
      },
      "geometry": {
        "type": "Point",
        "coordinates": [
          7.604852904251233,
          51.94100935487412
        ]
      }
    },
    {
      "type": "Feature",
      "properties": {
        "ID": 237,
        "Plz": 48151.0,
        "Strname": "Bonhoefferstraße",
        "Hsnr": 54.0,
        "Rechtswert": 3404134.0,
        "Hochwert": 5757258.0,
        "Kategorie": "Bezirkssportanlage",
        "Typ": "überlassen"
      },
      "geometry": {
        "type": "Point",
        "coordinates": [
          7.604852904251233,
          51.94100935487412
        ]
      }
    },
    {
      "type": "Feature",
      "properties": {
        "ID": 238,
        "Plz": 48151.0,
        "Strname": "Bonhoefferstraße",
        "Hsnr": 54.0,
        "Rechtswert": 3404134.0,
        "Hochwert": 5757258.0,
        "Kategorie": "Sondersportanlagen",
        "Typ": "Beachvolleyballanlagen"
      },
      "geometry": {
        "type": "Point",
        "coordinates": [
          7.604852904251233,
          51.94100935487412
        ]
      }
    },
    {
      "type": "Feature",
      "properties": {
        "ID": 239,
        "Plz": 48151.0,
        "Strname": "Bonhoefferstraße",
        "Hsnr": 54.0,
        "Rechtswert": 3404134.0,
        "Hochwert": 5757258.0,
        "Kategorie": "Sondersportanlagen",
        "Typ": "Bouleanlagen"
      },
      "geometry": {
        "type": "Point",
        "coordinates": [
          7.604852904251233,
          51.94100935487412
        ]
      }
    },
    {
      "type": "Feature",
      "properties": {
        "ID": 240,
        "Plz": 48151.0,
        "Strname": "Bonhoefferstraße",
        "Hsnr": 54.0,
        "Rechtswert": 3404134.0,
        "Hochwert": 5757258.0,
        "Kategorie": "Sondersportanlagen",
        "Typ": "Speckbrettanlagen"
      },
      "geometry": {
        "type": "Point",
        "coordinates": [
          7.604852904251233,
          51.94100935487412
        ]
      }
    },
    {
      "type": "Feature",
      "properties": {
        "ID": 241,
        "Plz": 48167.0,
        "Strname": "Brandhoveweg",
        "Hsnr": 97.0,
        "Rechtswert": 3411575.0,
        "Hochwert": 5754185.0,
        "Kategorie": "Bezirkssportanlage",
        "Typ": "nicht überlassen"
      },
      "geometry": {
        "type": "Point",
        "coordinates": [
          7.713818328547082,
          51.914629125788544
        ]
      }
    },
    {
      "type": "Feature",
      "properties": {
        "ID": 242,
        "Plz": 48167.0,
        "Strname": "Brandhoveweg",
        "Hsnr": 97.0,
        "Rechtswert": 3411575.0,
        "Hochwert": 5754185.0,
        "Kategorie": "Sondersportanlagen",
        "Typ": "Bouleanlagen"
      },
      "geometry": {
        "type": "Point",
        "coordinates": [
          7.713818328547082,
          51.914629125788544
        ]
      }
    },
    {
      "type": "Feature",
      "properties": {
        "ID": 243,
        "Plz": 48167.0,
        "Strname": "Brandhoveweg",
        "Hsnr": 97.0,
        "Rechtswert": 3411575.0,
        "Hochwert": 5754185.0,
        "Kategorie": "Sondersportanlagen",
        "Typ": "Beachvolleyballanlagen"
      },
      "geometry": {
        "type": "Point",
        "coordinates": [
          7.713818328547082,
          51.914629125788544
        ]
      }
    },
    {
      "type": "Feature",
      "properties": {
        "ID": 244,
        "Plz": 48143.0,
        "Strname": "Breite Gasse",
        "Hsnr": 2.0,
        "Rechtswert": 3405455.0,
        "Hochwert": 5759268.0,
        "Kategorie": "Turn- und Sporthallen",
        "Typ": "Gymnastikräume"
      },
      "geometry": {
        "type": "Point",
        "coordinates": [
          7.623504575978058,
          51.95929480722322
        ]
      }
    },
    {
      "type": "Feature",
      "properties": {
        "ID": 245,
        "Plz": 48155.0,
        "Strname": "Brentanoweg",
        "Hsnr": 18.0,
        "Rechtswert": 3408916.0,
        "Hochwert": 5758408.0,
        "Kategorie": "Turn- und Sporthallen",
        "Typ": "Einfachhallen"
      },
      "geometry": {
        "type": "Point",
        "coordinates": [
          7.674067947570818,
          51.952144919469085
        ]
      }
    },
    {
      "type": "Feature",
      "properties": {
        "ID": 246,
        "Plz": 48159.0,
        "Strname": "Bröderichweg",
        "Hsnr": 36.0,
        "Rechtswert": 3405028.0,
        "Hochwert": 5763007.0,
        "Kategorie": "Turn- und Sporthallen",
        "Typ": "Einfachhallen"
      },
      "geometry": {
        "type": "Point",
        "coordinates": [
          7.616260877491327,
          51.99281630550143
        ]
      }
    },
    {
      "type": "Feature",
      "properties": {
        "ID": 247,
        "Plz": 48159.0,
        "Strname": "Bröderichweg",
        "Hsnr": 36.0,
        "Rechtswert": 3405028.0,
        "Hochwert": 5763007.0,
        "Kategorie": "Sportaußenanlagen an Schulen",
        "Typ": "Förderschulen"
      },
      "geometry": {
        "type": "Point",
        "coordinates": [
          7.616260877491327,
          51.99281630550143
        ]
      }
    },
    {
      "type": "Feature",
      "properties": {
        "ID": 248,
        "Plz": 48149.0,
        "Strname": "Sentruper Straße",
        "Hsnr": 155.0,
        "Rechtswert": 3403806.0,
        "Hochwert": 5758721.0,
        "Kategorie": "Turn- und Sporthallen",
        "Typ": "Gymnastikräume"
      },
      "geometry": {
        "type": "Point",
        "coordinates": [
          7.599675666384246,
          51.95409753945341
        ]
      }
    },
    {
      "type": "Feature",
      "properties": {
        "ID": 249,
        "Plz": 48149.0,
        "Strname": "Sentruper Straße",
        "Hsnr": 155.0,
        "Rechtswert": 3403806.0,
        "Hochwert": 5758721.0,
        "Kategorie": "Bezirkssportanlage",
        "Typ": "nicht überlassen"
      },
      "geometry": {
        "type": "Point",
        "coordinates": [
          7.599675666384246,
          51.95409753945341
        ]
      }
    },
    {
      "type": "Feature",
      "properties": {
        "ID": 250,
        "Plz": 48149.0,
        "Strname": "Sentruper Straße",
        "Hsnr": 155.0,
        "Rechtswert": 3403806.0,
        "Hochwert": 5758721.0,
        "Kategorie": "Sondersportanlagen",
        "Typ": "Bouleanlagen"
      },
      "geometry": {
        "type": "Point",
        "coordinates": [
          7.599675666384246,
          51.95409753945341
        ]
      }
    },
    {
      "type": "Feature",
      "properties": {
        "ID": 251,
        "Plz": 48149.0,
        "Strname": "Sentruper Straße",
        "Hsnr": 155.0,
        "Rechtswert": 3403806.0,
        "Hochwert": 5758721.0,
        "Kategorie": "Sondersportanlagen",
        "Typ": "Trimmanlagen"
      },
      "geometry": {
        "type": "Point",
        "coordinates": [
          7.599675666384246,
          51.95409753945341
        ]
      }
    },
    {
      "type": "Feature",
      "properties": {
        "ID": 252,
        "Plz": 48149.0,
        "Strname": "Sentruper Straße",
        "Hsnr": 155.0,
        "Rechtswert": 3403806.0,
        "Hochwert": 5758721.0,
        "Kategorie": "Sondersportanlagen",
        "Typ": "Speckbrettanlagen"
      },
      "geometry": {
        "type": "Point",
        "coordinates": [
          7.599675666384246,
          51.95409753945341
        ]
      }
    },
    {
      "type": "Feature",
      "properties": {
        "ID": 253,
        "Plz": 48149.0,
        "Strname": "Sentruper Straße",
        "Hsnr": 155.0,
        "Rechtswert": 3403806.0,
        "Hochwert": 5758721.0,
        "Kategorie": "Sondersportanlagen",
        "Typ": "Beachvolleyballanlagen"
      },
      "geometry": {
        "type": "Point",
        "coordinates": [
          7.599675666384246,
          51.95409753945341
        ]
      }
    },
    {
      "type": "Feature",
      "properties": {
        "ID": 254,
        "Plz": 48147.0,
        "Strname": "Coerdestraße",
        "Hsnr": 8.0,
        "Rechtswert": 3405785.0,
        "Hochwert": 5760355.0,
        "Kategorie": "Turn- und Sporthallen",
        "Typ": "Einfachhallen"
      },
      "geometry": {
        "type": "Point",
        "coordinates": [
          7.628006003346112,
          51.969117328898484
        ]
      }
    },
    {
      "type": "Feature",
      "properties": {
        "ID": 255,
        "Plz": 48147.0,
        "Strname": "Coerdestraße",
        "Hsnr": 8.0,
        "Rechtswert": 3405785.0,
        "Hochwert": 5760355.0,
        "Kategorie": "Sportaußenanlagen an Schulen",
        "Typ": "Grundschulen"
      },
      "geometry": {
        "type": "Point",
        "coordinates": [
          7.628006003346112,
          51.969117328898484
        ]
      }
    },
    {
      "type": "Feature",
      "properties": {
        "ID": 256,
        "Plz": 48157.0,
        "Strname": "Coerheide",
        "Hsnr": 47.0,
        "Rechtswert": 3406977.0,
        "Hochwert": 5763634.0,
        "Kategorie": "Bezirkssportanlage",
        "Typ": "überlassen"
      },
      "geometry": {
        "type": "Point",
        "coordinates": [
          7.644457366563909,
          51.998779423760325
        ]
      }
    },
    {
      "type": "Feature",
      "properties": {
        "ID": 257,
        "Plz": 48157.0,
        "Strname": "Coerheide",
        "Hsnr": 47.0,
        "Rechtswert": 3406977.0,
        "Hochwert": 5763634.0,
        "Kategorie": "Sondersportanlagen",
        "Typ": "Trimmanlagen"
      },
      "geometry": {
        "type": "Point",
        "coordinates": [
          7.644457366563909,
          51.998779423760325
        ]
      }
    },
    {
      "type": "Feature",
      "properties": {
        "ID": 258,
        "Plz": 48155.0,
        "Strname": "Coppenrathsweg",
        "Hsnr": 19.0,
        "Rechtswert": 3408400.0,
        "Hochwert": 5761045.0,
        "Kategorie": "Bezirkssportanlage",
        "Typ": "überlassen"
      },
      "geometry": {
        "type": "Point",
        "coordinates": [
          7.665861968071831,
          51.97575370688111
        ]
      }
    },
    {
      "type": "Feature",
      "properties": {
        "ID": 259,
        "Plz": 48157.0,
        "Strname": "Dachsleite",
        "Hsnr": 32.0,
        "Rechtswert": 3407198.0,
        "Hochwert": 5763439.0,
        "Kategorie": "Turn- und Sporthallen",
        "Typ": "Einfachhallen"
      },
      "geometry": {
        "type": "Point",
        "coordinates": [
          7.647727064538725,
          51.99706431955302
        ]
      }
    },
    {
      "type": "Feature",
      "properties": {
        "ID": 260,
        "Plz": 48153.0,
        "Strname": "Dahlweg",
        "Hsnr": 66.0,
        "Rechtswert": 3405620.0,
        "Hochwert": 5757664.0,
        "Kategorie": "Turn- und Sporthallen",
        "Typ": "Einfachhallen"
      },
      "geometry": {
        "type": "Point",
        "coordinates": [
          7.626344302645605,
          51.944911064482625
        ]
      }
    },
    {
      "type": "Feature",
      "properties": {
        "ID": 261,
        "Plz": 48153.0,
        "Strname": "Dahlweg",
        "Hsnr": 66.0,
        "Rechtswert": 3405620.0,
        "Hochwert": 5757664.0,
        "Kategorie": "Sportaußenanlagen an Schulen",
        "Typ": "Grundschulen"
      },
      "geometry": {
        "type": "Point",
        "coordinates": [
          7.626344302645605,
          51.944911064482625
        ]
      }
    },
    {
      "type": "Feature",
      "properties": {
        "ID": 262,
        "Plz": 48161.0,
        "Strname": "Dieckmannstraße",
        "Hsnr": 131.0,
        "Rechtswert": 3401581.0,
        "Hochwert": 5759999.0,
        "Kategorie": "Turn- und Sporthallen",
        "Typ": "Dreifachhallen"
      },
      "geometry": {
        "type": "Point",
        "coordinates": [
          7.566955207868858,
          51.96519093751788
        ]
      }
    },
    {
      "type": "Feature",
      "properties": {
        "ID": 263,
        "Plz": 48161.0,
        "Strname": "Dieckmannstraße",
        "Hsnr": 141.0,
        "Rechtswert": 3401718.0,
        "Hochwert": 5759536.0,
        "Kategorie": "Turn- und Sporthallen",
        "Typ": "Vierfachhalle"
      },
      "geometry": {
        "type": "Point",
        "coordinates": [
          7.569080231268925,
          51.96105526287257
        ]
      }
    },
    {
      "type": "Feature",
      "properties": {
        "ID": 264,
        "Plz": 48161.0,
        "Strname": "Dieckmannstraße",
        "Hsnr": 141.0,
        "Rechtswert": 3401718.0,
        "Hochwert": 5759536.0,
        "Kategorie": "Turn- und Sporthallen",
        "Typ": "Gymnastikräume"
      },
      "geometry": {
        "type": "Point",
        "coordinates": [
          7.569080231268925,
          51.96105526287257
        ]
      }
    },
    {
      "type": "Feature",
      "properties": {
        "ID": 265,
        "Plz": 48161.0,
        "Strname": "Dieckmannstraße",
        "Hsnr": 141.0,
        "Rechtswert": 3401718.0,
        "Hochwert": 5759536.0,
        "Kategorie": "Sportaußenanlagen an Schulen",
        "Typ": "Gymnasien/B.-Kollegs"
      },
      "geometry": {
        "type": "Point",
        "coordinates": [
          7.569080231268925,
          51.96105526287257
        ]
      }
    },
    {
      "type": "Feature",
      "properties": {
        "ID": 266,
        "Plz": 48163.0,
        "Strname": "Dingbängerweg",
        "Hsnr": 80.0,
        "Rechtswert": 3402439.0,
        "Hochwert": 5756385.0,
        "Kategorie": "Turn- und Sporthallen",
        "Typ": "Einfachhallen"
      },
      "geometry": {
        "type": "Point",
        "coordinates": [
          7.580459591711862,
          51.9328713017509
        ]
      }
    },
    {
      "type": "Feature",
      "properties": {
        "ID": 267,
        "Plz": 48163.0,
        "Strname": "Dingbängerweg",
        "Hsnr": 80.0,
        "Rechtswert": 3402439.0,
        "Hochwert": 5756385.0,
        "Kategorie": "Sportaußenanlagen an Schulen",
        "Typ": "Grundschulen"
      },
      "geometry": {
        "type": "Point",
        "coordinates": [
          7.580459591711862,
          51.9328713017509
        ]
      }
    },
    {
      "type": "Feature",
      "properties": {
        "ID": 268,
        "Plz": 48157.0,
        "Strname": "Drostestraße",
        "Hsnr": 7.0,
        "Rechtswert": 3410999.0,
        "Hochwert": 5762557.0,
        "Kategorie": "Turn- und Sporthallen",
        "Typ": "Einfachhallen"
      },
      "geometry": {
        "type": "Point",
        "coordinates": [
          7.703283343851028,
          51.98976124254668
        ]
      }
    },
    {
      "type": "Feature",
      "properties": {
        "ID": 269,
        "Plz": 48157.0,
        "Strname": "Drostestraße",
        "Hsnr": 7.0,
        "Rechtswert": 3410999.0,
        "Hochwert": 5762557.0,
        "Kategorie": "Sportaußenanlagen an Schulen",
        "Typ": "Grundschulen"
      },
      "geometry": {
        "type": "Point",
        "coordinates": [
          7.703283343851028,
          51.98976124254668
        ]
      }
    },
    {
      "type": "Feature",
      "properties": {
        "ID": 270,
        "Plz": 48157.0,
        "Strname": "Dyckburgstraße",
        "Hsnr": 468.0,
        "Rechtswert": 3410740.0,
        "Hochwert": 5763710.0,
        "Kategorie": "Sondersportanlagen",
        "Typ": "Beachvolleyballanlagen"
      },
      "geometry": {
        "type": "Point",
        "coordinates": [
          7.699214015323276,
          52.000079509114464
        ]
      }
    },
    {
      "type": "Feature",
      "properties": {
        "ID": 271,
        "Plz": 48163.0,
        "Strname": "Egelshove",
        "Hsnr": 1.0,
        "Rechtswert": 3401957.0,
        "Hochwert": 5756767.0,
        "Kategorie": "Bezirkssportanlage",
        "Typ": "überlassen"
      },
      "geometry": {
        "type": "Point",
        "coordinates": [
          7.573345168044981,
          51.936218830096124
        ]
      }
    },
    {
      "type": "Feature",
      "properties": {
        "ID": 272,
        "Plz": 48163.0,
        "Strname": "Egelshove",
        "Hsnr": 1.0,
        "Rechtswert": 3401957.0,
        "Hochwert": 5756767.0,
        "Kategorie": "Sondersportanlagen",
        "Typ": "Speckbrettanlagen"
      },
      "geometry": {
        "type": "Point",
        "coordinates": [
          7.573345168044981,
          51.936218830096124
        ]
      }
    },
    {
      "type": "Feature",
      "properties": {
        "ID": 273,
        "Plz": 48163.0,
        "Strname": "Egelshove",
        "Hsnr": 1.0,
        "Rechtswert": 3401957.0,
        "Hochwert": 5756767.0,
        "Kategorie": "Sondersportanlagen",
        "Typ": "Beachvolleyballanlagen"
      },
      "geometry": {
        "type": "Point",
        "coordinates": [
          7.573345168044981,
          51.936218830096124
        ]
      }
    },
    {
      "type": "Feature",
      "properties": {
        "ID": 274,
        "Plz": 48167.0,
        "Strname": "Eichendorffstraße",
        "Hsnr": 36.0,
        "Rechtswert": 3410264.0,
        "Hochwert": 5754275.0,
        "Kategorie": "Turn- und Sporthallen",
        "Typ": "Einfachhallen"
      },
      "geometry": {
        "type": "Point",
        "coordinates": [
          7.694746836383524,
          51.915228239983115
        ]
      }
    },
    {
      "type": "Feature",
      "properties": {
        "ID": 275,
        "Plz": 48167.0,
        "Strname": "Eichendorffstraße",
        "Hsnr": 38.0,
        "Rechtswert": 3410322.0,
        "Hochwert": 5754300.0,
        "Kategorie": "Bezirkssportanlage",
        "Typ": "nicht überlassen"
      },
      "geometry": {
        "type": "Point",
        "coordinates": [
          7.695583049522888,
          51.91546220601714
        ]
      }
    },
    {
      "type": "Feature",
      "properties": {
        "ID": 276,
        "Plz": 48161.0,
        "Strname": "Feldstiege",
        "Hsnr": 45.0,
        "Rechtswert": 3400422.0,
        "Hochwert": 5763838.0,
        "Kategorie": "Bezirkssportanlage",
        "Typ": "überlassen"
      },
      "geometry": {
        "type": "Point",
        "coordinates": [
          7.548984502612916,
          51.99947637090726
        ]
      }
    },
    {
      "type": "Feature",
      "properties": {
        "ID": 277,
        "Plz": 48161.0,
        "Strname": "Feldstiege",
        "Hsnr": 45.0,
        "Rechtswert": 3400422.0,
        "Hochwert": 5763838.0,
        "Kategorie": "Sondersportanlagen",
        "Typ": "Bouleanlagen"
      },
      "geometry": {
        "type": "Point",
        "coordinates": [
          7.548984502612916,
          51.99947637090726
        ]
      }
    },
    {
      "type": "Feature",
      "properties": {
        "ID": 278,
        "Plz": 48161.0,
        "Strname": "Feldstiege",
        "Hsnr": 45.0,
        "Rechtswert": 3400422.0,
        "Hochwert": 5763838.0,
        "Kategorie": "Sondersportanlagen",
        "Typ": "Beachvolleyballanlagen"
      },
      "geometry": {
        "type": "Point",
        "coordinates": [
          7.548984502612916,
          51.99947637090726
        ]
      }
    },
    {
      "type": "Feature",
      "properties": {
        "ID": 279,
        "Plz": 48147.0,
        "Strname": "Finkenstraße",
        "Hsnr": 76.0,
        "Rechtswert": 3405275.0,
        "Hochwert": 5760899.0,
        "Kategorie": "Turn- und Sporthallen",
        "Typ": "Einfachhallen"
      },
      "geometry": {
        "type": "Point",
        "coordinates": [
          7.620437281136118,
          51.97391847048819
        ]
      }
    },
    {
      "type": "Feature",
      "properties": {
        "ID": 280,
        "Plz": 48147.0,
        "Strname": "Finkenstraße",
        "Hsnr": 76.0,
        "Rechtswert": 3405275.0,
        "Hochwert": 5760899.0,
        "Kategorie": "Turn- und Sporthallen",
        "Typ": "Einfachhallen"
      },
      "geometry": {
        "type": "Point",
        "coordinates": [
          7.620437281136118,
          51.97391847048819
        ]
      }
    },
    {
      "type": "Feature",
      "properties": {
        "ID": 281,
        "Plz": 48147.0,
        "Strname": "Friesenring",
        "Hsnr": 25.0,
        "Rechtswert": 3404976.0,
        "Hochwert": 5761033.0,
        "Kategorie": "Turn- und Sporthallen",
        "Typ": "Einfachhallen"
      },
      "geometry": {
        "type": "Point",
        "coordinates": [
          7.616050333395855,
          51.97507143362855
        ]
      }
    },
    {
      "type": "Feature",
      "properties": {
        "ID": 282,
        "Plz": 48147.0,
        "Strname": "Friesenring",
        "Hsnr": 25.0,
        "Rechtswert": 3404976.0,
        "Hochwert": 5761033.0,
        "Kategorie": "Sportaußenanlagen an Schulen",
        "Typ": "Grundschulen"
      },
      "geometry": {
        "type": "Point",
        "coordinates": [
          7.616050333395855,
          51.97507143362855
        ]
      }
    },
    {
      "type": "Feature",
      "properties": {
        "ID": 283,
        "Plz": 48157.0,
        "Strname": "Gelmerheide",
        "Hsnr": 3.0,
        "Rechtswert": 3409148.0,
        "Hochwert": 5767031.0,
        "Kategorie": "Turn- und Sporthallen",
        "Typ": "Einfachhallen"
      },
      "geometry": {
        "type": "Point",
        "coordinates": [
          7.675159117333865,
          52.02966054563332
        ]
      }
    },
    {
      "type": "Feature",
      "properties": {
        "ID": 284,
        "Plz": 48149.0,
        "Strname": "Gertrudenstraße",
        "Hsnr": 5.0,
        "Rechtswert": 3405288.0,
        "Hochwert": 5760331.0,
        "Kategorie": "Turn- und Sporthallen",
        "Typ": "Einfachhallen"
      },
      "geometry": {
        "type": "Point",
        "coordinates": [
          7.620782962034687,
          51.9688172995573
        ]
      }
    },
    {
      "type": "Feature",
      "properties": {
        "ID": 285,
        "Plz": 48149.0,
        "Strname": "Gertrudenstraße",
        "Hsnr": 5.0,
        "Rechtswert": 3405288.0,
        "Hochwert": 5760331.0,
        "Kategorie": "Turn- und Sporthallen",
        "Typ": "Einfachhallen"
      },
      "geometry": {
        "type": "Point",
        "coordinates": [
          7.620782962034687,
          51.9688172995573
        ]
      }
    },
    {
      "type": "Feature",
      "properties": {
        "ID": 286,
        "Plz": 48149.0,
        "Strname": "Gertrudenstraße",
        "Hsnr": 5.0,
        "Rechtswert": 3405288.0,
        "Hochwert": 5760331.0,
        "Kategorie": "Sportaußenanlagen an Schulen",
        "Typ": "Gymnasien/B.-Kollegs"
      },
      "geometry": {
        "type": "Point",
        "coordinates": [
          7.620782962034687,
          51.9688172995573
        ]
      }
    },
    {
      "type": "Feature",
      "properties": {
        "ID": 287,
        "Plz": 48151.0,
        "Strname": "Glatzer Weg",
        "Hsnr": 9.0,
        "Rechtswert": 3404643.0,
        "Hochwert": 5756378.0,
        "Kategorie": "Turn- und Sporthallen",
        "Typ": "Einfachhallen"
      },
      "geometry": {
        "type": "Point",
        "coordinates": [
          7.612496172512154,
          51.933190078607716
        ]
      }
    },
    {
      "type": "Feature",
      "properties": {
        "ID": 288,
        "Plz": 48151.0,
        "Strname": "Glatzer Weg",
        "Hsnr": 9.0,
        "Rechtswert": 3404643.0,
        "Hochwert": 5756378.0,
        "Kategorie": "Sportaußenanlagen an Schulen",
        "Typ": "Grundschulen"
      },
      "geometry": {
        "type": "Point",
        "coordinates": [
          7.612496172512154,
          51.933190078607716
        ]
      }
    },
    {
      "type": "Feature",
      "properties": {
        "ID": 289,
        "Plz": 48151.0,
        "Strname": "Grevingstraße",
        "Hsnr": 24.0,
        "Rechtswert": 3405310.0,
        "Hochwert": 5757048.0,
        "Kategorie": "Turn- und Sporthallen",
        "Typ": "Einfachhallen"
      },
      "geometry": {
        "type": "Point",
        "coordinates": [
          7.622006742653626,
          51.939323742973954
        ]
      }
    },
    {
      "type": "Feature",
      "properties": {
        "ID": 290,
        "Plz": 48151.0,
        "Strname": "Grevingstraße",
        "Hsnr": 24.0,
        "Rechtswert": 3405310.0,
        "Hochwert": 5757048.0,
        "Kategorie": "Turn- und Sporthallen",
        "Typ": "Einfachhallen"
      },
      "geometry": {
        "type": "Point",
        "coordinates": [
          7.622006742653626,
          51.939323742973954
        ]
      }
    },
    {
      "type": "Feature",
      "properties": {
        "ID": 291,
        "Plz": 48151.0,
        "Strname": "Grevingstraße",
        "Hsnr": 32.0,
        "Rechtswert": 3405355.0,
        "Hochwert": 5756819.0,
        "Kategorie": "Bezirkssportanlage",
        "Typ": "überlassen"
      },
      "geometry": {
        "type": "Point",
        "coordinates": [
          7.622723858098385,
          51.9372738527894
        ]
      }
    },
    {
      "type": "Feature",
      "properties": {
        "ID": 292,
        "Plz": 48151.0,
        "Strname": "Grevingstraße",
        "Hsnr": 32.0,
        "Rechtswert": 3405355.0,
        "Hochwert": 5756819.0,
        "Kategorie": "Sondersportanlagen",
        "Typ": "Bouleanlagen"
      },
      "geometry": {
        "type": "Point",
        "coordinates": [
          7.622723858098385,
          51.9372738527894
        ]
      }
    },
    {
      "type": "Feature",
      "properties": {
        "ID": 293,
        "Plz": 48151.0,
        "Strname": "Grevingstraße",
        "Hsnr": 32.0,
        "Rechtswert": 3405355.0,
        "Hochwert": 5756819.0,
        "Kategorie": "Sondersportanlagen",
        "Typ": "Speckbrettanlagen"
      },
      "geometry": {
        "type": "Point",
        "coordinates": [
          7.622723858098385,
          51.9372738527894
        ]
      }
    },
    {
      "type": "Feature",
      "properties": {
        "ID": 294,
        "Plz": 48151.0,
        "Strname": "Grevingstraße",
        "Hsnr": 32.0,
        "Rechtswert": 3405355.0,
        "Hochwert": 5756819.0,
        "Kategorie": "Sondersportanlagen",
        "Typ": "Beachvolleyballanlagen"
      },
      "geometry": {
        "type": "Point",
        "coordinates": [
          7.622723858098385,
          51.9372738527894
        ]
      }
    },
    {
      "type": "Feature",
      "properties": {
        "ID": 295,
        "Plz": 48159.0,
        "Strname": "Große Wiese",
        "Hsnr": 14.0,
        "Rechtswert": 3404653.0,
        "Hochwert": 5763948.0,
        "Kategorie": "Turn- und Sporthallen",
        "Typ": "Einfachhallen"
      },
      "geometry": {
        "type": "Point",
        "coordinates": [
          7.610541563972491,
          52.001206758222835
        ]
      }
    },
    {
      "type": "Feature",
      "properties": {
        "ID": 296,
        "Plz": 48159.0,
        "Strname": "Große Wiese",
        "Hsnr": 14.0,
        "Rechtswert": 3404653.0,
        "Hochwert": 5763948.0,
        "Kategorie": "Sportaußenanlagen an Schulen",
        "Typ": "Haupt-/Realschulen"
      },
      "geometry": {
        "type": "Point",
        "coordinates": [
          7.610541563972491,
          52.001206758222835
        ]
      }
    },
    {
      "type": "Feature",
      "properties": {
        "ID": 297,
        "Plz": 48143.0,
        "Strname": "Grüne Gasse",
        "Hsnr": 40.0,
        "Rechtswert": 3405500.0,
        "Hochwert": 5759118.0,
        "Kategorie": "Turn- und Sporthallen",
        "Typ": "Einfachhallen"
      },
      "geometry": {
        "type": "Point",
        "coordinates": [
          7.624200250731023,
          51.95795472088136
        ]
      }
    },
    {
      "type": "Feature",
      "properties": {
        "ID": 298,
        "Plz": 48143.0,
        "Strname": "Grüne Gasse",
        "Hsnr": 40.0,
        "Rechtswert": 3405500.0,
        "Hochwert": 5759118.0,
        "Kategorie": "Sportaußenanlagen an Schulen",
        "Typ": "Gymnasien/B.-Kollegs"
      },
      "geometry": {
        "type": "Point",
        "coordinates": [
          7.624200250731023,
          51.95795472088136
        ]
      }
    },
    {
      "type": "Feature",
      "properties": {
        "ID": 299,
        "Plz": 48151.0,
        "Strname": "Gut Insel",
        "Hsnr": 36.0,
        "Rechtswert": 3404668.0,
        "Hochwert": 5756968.0,
        "Kategorie": "Turn- und Sporthallen",
        "Typ": "Einfachhallen"
      },
      "geometry": {
        "type": "Point",
        "coordinates": [
          7.612696200036891,
          51.93849542345831
        ]
      }
    },
    {
      "type": "Feature",
      "properties": {
        "ID": 300,
        "Plz": 48151.0,
        "Strname": "Gut Insel",
        "Hsnr": 36.0,
        "Rechtswert": 3404668.0,
        "Hochwert": 5756968.0,
        "Kategorie": "Sportaußenanlagen an Schulen",
        "Typ": "Grundschulen"
      },
      "geometry": {
        "type": "Point",
        "coordinates": [
          7.612696200036891,
          51.93849542345831
        ]
      }
    },
    {
      "type": "Feature",
      "properties": {
        "ID": 301,
        "Plz": 48151.0,
        "Strname": "Gut Insel",
        "Hsnr": 41.0,
        "Rechtswert": 3404633.0,
        "Hochwert": 5756804.0,
        "Kategorie": "Turn- und Sporthallen",
        "Typ": "Dreifachhallen"
      },
      "geometry": {
        "type": "Point",
        "coordinates": [
          7.612232844270867,
          51.93701591531177
        ]
      }
    },
    {
      "type": "Feature",
      "properties": {
        "ID": 302,
        "Plz": 48151.0,
        "Strname": "Gut Insel",
        "Hsnr": 41.0,
        "Rechtswert": 3404633.0,
        "Hochwert": 5756804.0,
        "Kategorie": "Sportaußenanlagen an Schulen",
        "Typ": "Gymnasien/B.-Kollegs"
      },
      "geometry": {
        "type": "Point",
        "coordinates": [
          7.612232844270867,
          51.93701591531177
        ]
      }
    },
    {
      "type": "Feature",
      "properties": {
        "ID": 303,
        "Plz": 48145.0,
        "Strname": "Gutenbergstraße",
        "Hsnr": 14.0,
        "Rechtswert": 3406945.0,
        "Hochwert": 5759334.0,
        "Kategorie": "Turn- und Sporthallen",
        "Typ": "Einfachhallen"
      },
      "geometry": {
        "type": "Point",
        "coordinates": [
          7.645156569564846,
          51.960138960212525
        ]
      }
    },
    {
      "type": "Feature",
      "properties": {
        "ID": 304,
        "Plz": 48145.0,
        "Strname": "Gutenbergstraße",
        "Hsnr": 14.0,
        "Rechtswert": 3406945.0,
        "Hochwert": 5759334.0,
        "Kategorie": "Sportaußenanlagen an Schulen",
        "Typ": "Grundschulen"
      },
      "geometry": {
        "type": "Point",
        "coordinates": [
          7.645156569564846,
          51.960138960212525
        ]
      }
    },
    {
      "type": "Feature",
      "properties": {
        "ID": 305,
        "Plz": 48157.0,
        "Strname": "Hakenesheide",
        "Hsnr": 22.0,
        "Rechtswert": 3409321.0,
        "Hochwert": 5766659.0,
        "Kategorie": "Sondersportanlagen",
        "Typ": "Bouleanlagen"
      },
      "geometry": {
        "type": "Point",
        "coordinates": [
          7.677777614102313,
          52.02634643406396
        ]
      }
    },
    {
      "type": "Feature",
      "properties": {
        "ID": 306,
        "Plz": 48157.0,
        "Strname": "Hakenesheide",
        "Hsnr": 39.0,
        "Rechtswert": 3409118.0,
        "Hochwert": 5766584.0,
        "Kategorie": "Bezirkssportanlage",
        "Typ": "überlassen"
      },
      "geometry": {
        "type": "Point",
        "coordinates": [
          7.674840728837201,
          52.02563936396449
        ]
      }
    },
    {
      "type": "Feature",
      "properties": {
        "ID": 307,
        "Plz": 48153.0,
        "Strname": "Hammer Straße",
        "Hsnr": 302.0,
        "Rechtswert": 3405518.0,
        "Hochwert": 5756072.0,
        "Kategorie": "Bezirkssportanlage",
        "Typ": "überlassen"
      },
      "geometry": {
        "type": "Point",
        "coordinates": [
          7.625298221932801,
          51.93058980423124
        ]
      }
    },
    {
      "type": "Feature",
      "properties": {
        "ID": 308,
        "Plz": 48161.0,
        "Strname": "Gievenbecker Weg",
        "Hsnr": 200.0,
        "Rechtswert": 3402509.0,
        "Hochwert": 5760687.0,
        "Kategorie": "Bezirkssportanlage",
        "Typ": "überlassen"
      },
      "geometry": {
        "type": "Point",
        "coordinates": [
          7.580257849653342,
          51.97153578209557
        ]
      }
    },
    {
      "type": "Feature",
      "properties": {
        "ID": 309,
        "Plz": 48161.0,
        "Strname": "Gievenbecker Weg",
        "Hsnr": 200.0,
        "Rechtswert": 3402509.0,
        "Hochwert": 5760687.0,
        "Kategorie": "Sondersportanlagen",
        "Typ": "Beachvolleyballanlagen"
      },
      "geometry": {
        "type": "Point",
        "coordinates": [
          7.580257849653342,
          51.97153578209557
        ]
      }
    },
    {
      "type": "Feature",
      "properties": {
        "ID": 310,
        "Plz": 48157.0,
        "Strname": "Heriburgstraße",
        "Hsnr": 17.0,
        "Rechtswert": 3411202.0,
        "Hochwert": 5762527.0,
        "Kategorie": "Turn- und Sporthallen",
        "Typ": "Zweifachhalle"
      },
      "geometry": {
        "type": "Point",
        "coordinates": [
          7.70624551545291,
          51.989524158036595
        ]
      }
    },
    {
      "type": "Feature",
      "properties": {
        "ID": 311,
        "Plz": 48157.0,
        "Strname": "Heriburgstraße",
        "Hsnr": 17.0,
        "Rechtswert": 3411202.0,
        "Hochwert": 5762527.0,
        "Kategorie": "Bezirkssportanlage",
        "Typ": "überlassen"
      },
      "geometry": {
        "type": "Point",
        "coordinates": [
          7.70624551545291,
          51.989524158036595
        ]
      }
    },
    {
      "type": "Feature",
      "properties": {
        "ID": 312,
        "Plz": 48157.0,
        "Strname": "Heriburgstraße",
        "Hsnr": 17.0,
        "Rechtswert": 3411202.0,
        "Hochwert": 5762527.0,
        "Kategorie": "Sondersportanlagen",
        "Typ": "Beachvolleyballanlagen"
      },
      "geometry": {
        "type": "Point",
        "coordinates": [
          7.70624551545291,
          51.989524158036595
        ]
      }
    },
    {
      "type": "Feature",
      "properties": {
        "ID": 313,
        "Plz": 48151.0,
        "Strname": "Hermannstraße",
        "Hsnr": 58.0,
        "Rechtswert": 3405489.0,
        "Hochwert": 5758357.0,
        "Kategorie": "Turn- und Sporthallen",
        "Typ": "Einfachhallen"
      },
      "geometry": {
        "type": "Point",
        "coordinates": [
          7.624249378730399,
          51.951115366190024
        ]
      }
    },
    {
      "type": "Feature",
      "properties": {
        "ID": 314,
        "Plz": 48151.0,
        "Strname": "Hermannstraße",
        "Hsnr": 58.0,
        "Rechtswert": 3405489.0,
        "Hochwert": 5758357.0,
        "Kategorie": "Sportaußenanlagen an Schulen",
        "Typ": "Grundschulen"
      },
      "geometry": {
        "type": "Point",
        "coordinates": [
          7.624249378730399,
          51.951115366190024
        ]
      }
    },
    {
      "type": "Feature",
      "properties": {
        "ID": 315,
        "Plz": 48167.0,
        "Strname": "Höftestraße",
        "Hsnr": 4.0,
        "Rechtswert": 3409299.0,
        "Hochwert": 5754961.0,
        "Kategorie": "Turn- und Sporthallen",
        "Typ": "Einfachhallen"
      },
      "geometry": {
        "type": "Point",
        "coordinates": [
          7.680545332338146,
          51.92123581975512
        ]
      }
    },
    {
      "type": "Feature",
      "properties": {
        "ID": 316,
        "Plz": 48155.0,
        "Strname": "Hoffschultestraße",
        "Hsnr": 25.0,
        "Rechtswert": 3407686.0,
        "Hochwert": 5758909.0,
        "Kategorie": "Turn- und Sporthallen",
        "Typ": "Dreifachhallen"
      },
      "geometry": {
        "type": "Point",
        "coordinates": [
          7.656047671062899,
          51.95644375983686
        ]
      }
    },
    {
      "type": "Feature",
      "properties": {
        "ID": 317,
        "Plz": 48153.0,
        "Strname": "Hogenbergstraße",
        "Hsnr": 160.0,
        "Rechtswert": 3404872.0,
        "Hochwert": 5755419.0,
        "Kategorie": "Turn- und Sporthallen",
        "Typ": "Einfachhallen"
      },
      "geometry": {
        "type": "Point",
        "coordinates": [
          7.616089502543103,
          51.924612735657476
        ]
      }
    },
    {
      "type": "Feature",
      "properties": {
        "ID": 318,
        "Plz": 48153.0,
        "Strname": "Hogenbergstraße",
        "Hsnr": 160.0,
        "Rechtswert": 3404872.0,
        "Hochwert": 5755419.0,
        "Kategorie": "Sportaußenanlagen an Schulen",
        "Typ": "Grundschulen"
      },
      "geometry": {
        "type": "Point",
        "coordinates": [
          7.616089502543103,
          51.924612735657476
        ]
      }
    },
    {
      "type": "Feature",
      "properties": {
        "ID": 319,
        "Plz": 48163.0,
        "Strname": "Hohe Geist",
        "Hsnr": 7.0,
        "Rechtswert": 3398945.0,
        "Hochwert": 5755412.0,
        "Kategorie": "Bezirkssportanlage",
        "Typ": "überlassen"
      },
      "geometry": {
        "type": "Point",
        "coordinates": [
          7.529961986954766,
          51.92350641322306
        ]
      }
    },
    {
      "type": "Feature",
      "properties": {
        "ID": 320,
        "Plz": 48163.0,
        "Strname": "Hohe Geist",
        "Hsnr": 8.0,
        "Rechtswert": 3398798.0,
        "Hochwert": 5755359.0,
        "Kategorie": "Turn- und Sporthallen",
        "Typ": "Dreifachhallen"
      },
      "geometry": {
        "type": "Point",
        "coordinates": [
          7.527841457882099,
          51.92300355262455
        ]
      }
    },
    {
      "type": "Feature",
      "properties": {
        "ID": 321,
        "Plz": 48147.0,
        "Strname": "Hoher Heckenweg",
        "Hsnr": 241.0,
        "Rechtswert": 3407174.0,
        "Hochwert": 5762450.0,
        "Kategorie": "Turn- und Sporthallen",
        "Typ": "Zweifachhalle"
      },
      "geometry": {
        "type": "Point",
        "coordinates": [
          7.647645222211406,
          51.988174246250175
        ]
      }
    },
    {
      "type": "Feature",
      "properties": {
        "ID": 322,
        "Plz": 48147.0,
        "Strname": "Hoher Heckenweg",
        "Hsnr": 241.0,
        "Rechtswert": 3407174.0,
        "Hochwert": 5762450.0,
        "Kategorie": "Turn- und Sporthallen",
        "Typ": "Gymnastikräume"
      },
      "geometry": {
        "type": "Point",
        "coordinates": [
          7.647645222211406,
          51.988174246250175
        ]
      }
    },
    {
      "type": "Feature",
      "properties": {
        "ID": 323,
        "Plz": 48149.0,
        "Strname": "Horstmarer Landweg",
        "Hsnr": 45.0,
        "Rechtswert": 3403913.0,
        "Hochwert": 5760490.0,
        "Kategorie": "Turn- und Sporthallen",
        "Typ": "Leichtathletikhalle"
      },
      "geometry": {
        "type": "Point",
        "coordinates": [
          7.600737227070389,
          51.97001008350876
        ]
      }
    },
    {
      "type": "Feature",
      "properties": {
        "ID": 324,
        "Plz": 48149.0,
        "Strname": "Horstmarer Landweg",
        "Hsnr": 45.0,
        "Rechtswert": 3403913.0,
        "Hochwert": 5760490.0,
        "Kategorie": "Turn- und Sporthallen",
        "Typ": "Krafträume"
      },
      "geometry": {
        "type": "Point",
        "coordinates": [
          7.600737227070389,
          51.97001008350876
        ]
      }
    },
    {
      "type": "Feature",
      "properties": {
        "ID": 325,
        "Plz": 48149.0,
        "Strname": "Horstmarer Landweg",
        "Hsnr": 62.0,
        "Rechtswert": 3403791.0,
        "Hochwert": 5760628.0,
        "Kategorie": "Sondersportanlagen",
        "Typ": "Beachvolleyballanlagen"
      },
      "geometry": {
        "type": "Point",
        "coordinates": [
          7.598923889314762,
          51.97122889280894
        ]
      }
    },
    {
      "type": "Feature",
      "properties": {
        "ID": 326,
        "Plz": 48159.0,
        "Strname": "Im Draum",
        "Hsnr": 41.0,
        "Rechtswert": 3404926.0,
        "Hochwert": 5768108.0,
        "Kategorie": "Bezirkssportanlage",
        "Typ": "überlassen"
      },
      "geometry": {
        "type": "Point",
        "coordinates": [
          7.613361423009059,
          52.038629993920324
        ]
      }
    },
    {
      "type": "Feature",
      "properties": {
        "ID": 327,
        "Plz": 48159.0,
        "Strname": "Im Draum",
        "Hsnr": 41.0,
        "Rechtswert": 3404926.0,
        "Hochwert": 5768108.0,
        "Kategorie": "Sondersportanlagen",
        "Typ": "Bouleanlagen"
      },
      "geometry": {
        "type": "Point",
        "coordinates": [
          7.613361423009059,
          52.038629993920324
        ]
      }
    },
    {
      "type": "Feature",
      "properties": {
        "ID": 328,
        "Plz": 48159.0,
        "Strname": "Im Draum",
        "Hsnr": 41.0,
        "Rechtswert": 3404926.0,
        "Hochwert": 5768108.0,
        "Kategorie": "Sondersportanlagen",
        "Typ": "Beachvolleyballanlagen"
      },
      "geometry": {
        "type": "Point",
        "coordinates": [
          7.613361423009059,
          52.038629993920324
        ]
      }
    },
    {
      "type": "Feature",
      "properties": {
        "ID": 329,
        "Plz": 48157.0,
        "Strname": "Im Sundern",
        "Hsnr": 11.0,
        "Rechtswert": 3409035.0,
        "Hochwert": 5762559.0,
        "Kategorie": "Turn- und Sporthallen",
        "Typ": "Einfachhallen"
      },
      "geometry": {
        "type": "Point",
        "coordinates": [
          7.674699543898246,
          51.98946125311337
        ]
      }
    },
    {
      "type": "Feature",
      "properties": {
        "ID": 330,
        "Plz": 48159.0,
        "Strname": "In der Au",
        "Hsnr": 3.0,
        "Rechtswert": 3405075.0,
        "Hochwert": 5768015.0,
        "Kategorie": "Turn- und Sporthallen",
        "Typ": "Einfachhallen"
      },
      "geometry": {
        "type": "Point",
        "coordinates": [
          7.615558006772583,
          52.03781992508707
        ]
      }
    },
    {
      "type": "Feature",
      "properties": {
        "ID": 331,
        "Plz": 48159.0,
        "Strname": "Josef-Beckmann-Straße",
        "Hsnr": 33.0,
        "Rechtswert": 3403484.0,
        "Hochwert": 5763483.0,
        "Kategorie": "Turn- und Sporthallen",
        "Typ": "Zweifachhalle"
      },
      "geometry": {
        "type": "Point",
        "coordinates": [
          7.593655441706824,
          51.996827064258184
        ]
      }
    },
    {
      "type": "Feature",
      "properties": {
        "ID": 332,
        "Plz": 48159.0,
        "Strname": "Josef-Beckmann-Straße",
        "Hsnr": 33.0,
        "Rechtswert": 3403484.0,
        "Hochwert": 5763483.0,
        "Kategorie": "Sportaußenanlagen an Schulen",
        "Typ": "Grundschulen"
      },
      "geometry": {
        "type": "Point",
        "coordinates": [
          7.593655441706824,
          51.996827064258184
        ]
      }
    },
    {
      "type": "Feature",
      "properties": {
        "ID": 333,
        "Plz": 48143.0,
        "Strname": "Jüdefelderstraße",
        "Hsnr": 10.0,
        "Rechtswert": 3405202.0,
        "Hochwert": 5759806.0,
        "Kategorie": "Turn- und Sporthallen",
        "Typ": "Einfachhallen"
      },
      "geometry": {
        "type": "Point",
        "coordinates": [
          7.619676758007596,
          51.96408561262194
        ]
      }
    },
    {
      "type": "Feature",
      "properties": {
        "ID": 334,
        "Plz": 48143.0,
        "Strname": "Jüdefelderstraße",
        "Hsnr": 10.0,
        "Rechtswert": 3405202.0,
        "Hochwert": 5759806.0,
        "Kategorie": "Sportaußenanlagen an Schulen",
        "Typ": "Haupt-/Realschulen"
      },
      "geometry": {
        "type": "Point",
        "coordinates": [
          7.619676758007596,
          51.96408561262194
        ]
      }
    },
    {
      "type": "Feature",
      "properties": {
        "ID": 335,
        "Plz": 48143.0,
        "Strname": "Jüdefelderstraße",
        "Hsnr": 10.0,
        "Rechtswert": 3405202.0,
        "Hochwert": 5759806.0,
        "Kategorie": "Sportaußenanlagen an Schulen",
        "Typ": "Haupt-/Realschulen"
      },
      "geometry": {
        "type": "Point",
        "coordinates": [
          7.619676758007596,
          51.96408561262194
        ]
      }
    },
    {
      "type": "Feature",
      "properties": {
        "ID": 336,
        "Plz": 48145.0,
        "Strname": "Kaiser-Wilhelm-Ring",
        "Hsnr": 1.0,
        "Rechtswert": 3407009.0,
        "Hochwert": 5759763.0,
        "Kategorie": "Turn- und Sporthallen",
        "Typ": "Einfachhallen"
      },
      "geometry": {
        "type": "Point",
        "coordinates": [
          7.645971342297505,
          51.96400419803406
        ]
      }
    },
    {
      "type": "Feature",
      "properties": {
        "ID": 337,
        "Plz": 48147.0,
        "Strname": "Kampstraße",
        "Hsnr": 15.0,
        "Rechtswert": 3405496.0,
        "Hochwert": 5760419.0,
        "Kategorie": "Turn- und Sporthallen",
        "Typ": "Einfachhallen"
      },
      "geometry": {
        "type": "Point",
        "coordinates": [
          7.623784435210061,
          51.96964333935004
        ]
      }
    },
    {
      "type": "Feature",
      "properties": {
        "ID": 338,
        "Plz": 48147.0,
        "Strname": "Kampstraße",
        "Hsnr": 15.0,
        "Rechtswert": 3405496.0,
        "Hochwert": 5760419.0,
        "Kategorie": "Sportaußenanlagen an Schulen",
        "Typ": "Grundschulen"
      },
      "geometry": {
        "type": "Point",
        "coordinates": [
          7.623784435210061,
          51.96964333935004
        ]
      }
    },
    {
      "type": "Feature",
      "properties": {
        "ID": 339,
        "Plz": 48143.0,
        "Strname": "Katthagen",
        "Hsnr": 7.0,
        "Rechtswert": 3405244.0,
        "Hochwert": 5759833.0,
        "Kategorie": "Turn- und Sporthallen",
        "Typ": "Einfachhallen"
      },
      "geometry": {
        "type": "Point",
        "coordinates": [
          7.620280203658679,
          51.964335357580644
        ]
      }
    },
    {
      "type": "Feature",
      "properties": {
        "ID": 340,
        "Plz": 48161.0,
        "Strname": "Kirmstraße",
        "Hsnr": 1.0,
        "Rechtswert": 3401180.0,
        "Hochwert": 5763419.0,
        "Kategorie": "Turn- und Sporthallen",
        "Typ": "Einfachhallen"
      },
      "geometry": {
        "type": "Point",
        "coordinates": [
          7.560138646933051,
          51.995847152984624
        ]
      }
    },
    {
      "type": "Feature",
      "properties": {
        "ID": 341,
        "Plz": 48157.0,
        "Strname": "Königsberger Straße",
        "Hsnr": 91.0,
        "Rechtswert": 3407031.0,
        "Hochwert": 5763022.0,
        "Kategorie": "Turn- und Sporthallen",
        "Typ": "Einfachhallen"
      },
      "geometry": {
        "type": "Point",
        "coordinates": [
          7.645409225479192,
          51.99328971020766
        ]
      }
    },
    {
      "type": "Feature",
      "properties": {
        "ID": 342,
        "Plz": 48157.0,
        "Strname": "Königsberger Straße",
        "Hsnr": 91.0,
        "Rechtswert": 3407031.0,
        "Hochwert": 5763022.0,
        "Kategorie": "Sportaußenanlagen an Schulen",
        "Typ": "Grundschulen"
      },
      "geometry": {
        "type": "Point",
        "coordinates": [
          7.645409225479192,
          51.99328971020766
        ]
      }
    },
    {
      "type": "Feature",
      "properties": {
        "ID": 343,
        "Plz": 48157.0,
        "Strname": "Laerer Werseufer",
        "Hsnr": 2.0,
        "Rechtswert": 3410057.0,
        "Hochwert": 5757880.0,
        "Kategorie": "Sondersportanlagen",
        "Typ": "Beachvolleyballanlagen"
      },
      "geometry": {
        "type": "Point",
        "coordinates": [
          7.690797795650065,
          51.94758633843969
        ]
      }
    },
    {
      "type": "Feature",
      "properties": {
        "ID": 344,
        "Plz": 48147.0,
        "Strname": "Lotharingerstraße",
        "Hsnr": 30.0,
        "Rechtswert": 3406016.0,
        "Hochwert": 5760150.0,
        "Kategorie": "Turn- und Sporthallen",
        "Typ": "Dreifachhallen"
      },
      "geometry": {
        "type": "Point",
        "coordinates": [
          7.631422336491595,
          51.967314503099416
        ]
      }
    },
    {
      "type": "Feature",
      "properties": {
        "ID": 345,
        "Plz": 48155.0,
        "Strname": "Maikottenweg",
        "Hsnr": 188.0,
        "Rechtswert": 3408743.0,
        "Hochwert": 5759650.0,
        "Kategorie": "Bezirkssportanlage",
        "Typ": "überlassen"
      },
      "geometry": {
        "type": "Point",
        "coordinates": [
          7.671222710351809,
          51.96327599844113
        ]
      }
    },
    {
      "type": "Feature",
      "properties": {
        "ID": 346,
        "Plz": 48145.0,
        "Strname": "Manfred-von-Richthofen-Straße",
        "Hsnr": 39.0,
        "Rechtswert": 3407460.0,
        "Hochwert": 5759224.0,
        "Kategorie": "Turn- und Sporthallen",
        "Typ": "Gymnastikräume"
      },
      "geometry": {
        "type": "Point",
        "coordinates": [
          7.65267626134903,
          51.95923649400107
        ]
      }
    },
    {
      "type": "Feature",
      "properties": {
        "ID": 347,
        "Plz": 48145.0,
        "Strname": "Manfred-von-Richthofen-Straße",
        "Hsnr": 46.0,
        "Rechtswert": 3407668.0,
        "Hochwert": 5759088.0,
        "Kategorie": "Sportaußenanlagen an Schulen",
        "Typ": "Haupt-/Realschulen"
      },
      "geometry": {
        "type": "Point",
        "coordinates": [
          7.655737844723088,
          51.958049085950734
        ]
      }
    },
    {
      "type": "Feature",
      "properties": {
        "ID": 348,
        "Plz": 48145.0,
        "Strname": "Manfred-von-Richthofen-Straße",
        "Hsnr": 49.0,
        "Rechtswert": 3407730.0,
        "Hochwert": 5759186.0,
        "Kategorie": "Sportaußenanlagen an Schulen",
        "Typ": "Förderschulen"
      },
      "geometry": {
        "type": "Point",
        "coordinates": [
          7.656613228838913,
          51.95893989732387
        ]
      }
    },
    {
      "type": "Feature",
      "properties": {
        "ID": 349,
        "Plz": 48145.0,
        "Strname": "Manfred-von-Richthofen-Straße",
        "Hsnr": 56.0,
        "Rechtswert": 3407768.0,
        "Hochwert": 5759133.0,
        "Kategorie": "Turn- und Sporthallen",
        "Typ": "Dreifachhallen"
      },
      "geometry": {
        "type": "Point",
        "coordinates": [
          7.657180097351453,
          51.95846999225512
        ]
      }
    },
    {
      "type": "Feature",
      "properties": {
        "ID": 350,
        "Plz": 48145.0,
        "Strname": "Manfred-von-Richthofen-Straße",
        "Hsnr": 56.0,
        "Rechtswert": 3407768.0,
        "Hochwert": 5759133.0,
        "Kategorie": "Bezirkssportanlage",
        "Typ": "überlassen"
      },
      "geometry": {
        "type": "Point",
        "coordinates": [
          7.657180097351453,
          51.95846999225512
        ]
      }
    },
    {
      "type": "Feature",
      "properties": {
        "ID": 351,
        "Plz": 48145.0,
        "Strname": "Manfred-von-Richthofen-Straße",
        "Hsnr": 60.0,
        "Rechtswert": 3407901.0,
        "Hochwert": 5759093.0,
        "Kategorie": "Turn- und Sporthallen",
        "Typ": "Zweifachhalle"
      },
      "geometry": {
        "type": "Point",
        "coordinates": [
          7.659125077728187,
          51.958132618903086
        ]
      }
    },
    {
      "type": "Feature",
      "properties": {
        "ID": 352,
        "Plz": 48145.0,
        "Strname": "Margaretenstraße",
        "Hsnr": 6.0,
        "Rechtswert": 3406917.0,
        "Hochwert": 5758927.0,
        "Kategorie": "Turn- und Sporthallen",
        "Typ": "Einfachhallen"
      },
      "geometry": {
        "type": "Point",
        "coordinates": [
          7.64485950919599,
          51.95647740611218
        ]
      }
    },
    {
      "type": "Feature",
      "properties": {
        "ID": 353,
        "Plz": 48145.0,
        "Strname": "Margaretenstraße",
        "Hsnr": 6.0,
        "Rechtswert": 3406917.0,
        "Hochwert": 5758927.0,
        "Kategorie": "Sportaußenanlagen an Schulen",
        "Typ": "Grundschulen"
      },
      "geometry": {
        "type": "Point",
        "coordinates": [
          7.64485950919599,
          51.95647740611218
        ]
      }
    },
    {
      "type": "Feature",
      "properties": {
        "ID": 354,
        "Plz": 48145.0,
        "Strname": "Mauritz-Lindenweg",
        "Hsnr": 93.0,
        "Rechtswert": 3407929.0,
        "Hochwert": 5759326.0,
        "Kategorie": "Bezirkssportanlage",
        "Typ": "überlassen"
      },
      "geometry": {
        "type": "Point",
        "coordinates": [
          7.659469903013736,
          51.96023075552061
        ]
      }
    },
    {
      "type": "Feature",
      "properties": {
        "ID": 355,
        "Plz": 48145.0,
        "Strname": "Mauritz-Lindenweg",
        "Hsnr": 93.0,
        "Rechtswert": 3407929.0,
        "Hochwert": 5759326.0,
        "Kategorie": "Sondersportanlagen",
        "Typ": "Speckbrettanlagen"
      },
      "geometry": {
        "type": "Point",
        "coordinates": [
          7.659469903013736,
          51.96023075552061
        ]
      }
    },
    {
      "type": "Feature",
      "properties": {
        "ID": 356,
        "Plz": 48145.0,
        "Strname": "Mauritz-Lindenweg",
        "Hsnr": 93.0,
        "Rechtswert": 3407929.0,
        "Hochwert": 5759326.0,
        "Kategorie": "Sondersportanlagen",
        "Typ": "Beachvolleyballanlagen"
      },
      "geometry": {
        "type": "Point",
        "coordinates": [
          7.659469903013736,
          51.96023075552061
        ]
      }
    },
    {
      "type": "Feature",
      "properties": {
        "ID": 357,
        "Plz": 48145.0,
        "Strname": "Mauritz-Lindenweg",
        "Hsnr": 95.0,
        "Rechtswert": 3407930.0,
        "Hochwert": 5759303.0,
        "Kategorie": "Turn- und Sporthallen",
        "Typ": "Gymnastikräume"
      },
      "geometry": {
        "type": "Point",
        "coordinates": [
          7.659490605500256,
          51.96002426614595
        ]
      }
    },
    {
      "type": "Feature",
      "properties": {
        "ID": 358,
        "Plz": 48145.0,
        "Strname": "Mindener Straße",
        "Hsnr": 11.0,
        "Rechtswert": 3407210.0,
        "Hochwert": 5758955.0,
        "Kategorie": "Turn- und Sporthallen",
        "Typ": "Einfachhallen"
      },
      "geometry": {
        "type": "Point",
        "coordinates": [
          7.64911295376092,
          51.95677791186172
        ]
      }
    },
    {
      "type": "Feature",
      "properties": {
        "ID": 359,
        "Plz": 48165.0,
        "Strname": "Osttor",
        "Hsnr": 85.0,
        "Rechtswert": 3408461.0,
        "Hochwert": 5753375.0,
        "Kategorie": "Bezirkssportanlage",
        "Typ": "überlassen"
      },
      "geometry": {
        "type": "Point",
        "coordinates": [
          7.668789121185986,
          51.906848411553796
        ]
      }
    },
    {
      "type": "Feature",
      "properties": {
        "ID": 360,
        "Plz": 48165.0,
        "Strname": "Osttor",
        "Hsnr": 85.0,
        "Rechtswert": 3408461.0,
        "Hochwert": 5753375.0,
        "Kategorie": "Sondersportanlagen",
        "Typ": "Bouleanlagen"
      },
      "geometry": {
        "type": "Point",
        "coordinates": [
          7.668789121185986,
          51.906848411553796
        ]
      }
    },
    {
      "type": "Feature",
      "properties": {
        "ID": 361,
        "Plz": 48165.0,
        "Strname": "Osttor",
        "Hsnr": 85.0,
        "Rechtswert": 3408461.0,
        "Hochwert": 5753375.0,
        "Kategorie": "Sondersportanlagen",
        "Typ": "Speckbrettanlagen"
      },
      "geometry": {
        "type": "Point",
        "coordinates": [
          7.668789121185986,
          51.906848411553796
        ]
      }
    },
    {
      "type": "Feature",
      "properties": {
        "ID": 362,
        "Plz": 48165.0,
        "Strname": "Osttor",
        "Hsnr": 85.0,
        "Rechtswert": 3408461.0,
        "Hochwert": 5753375.0,
        "Kategorie": "Sondersportanlagen",
        "Typ": "Beachvolleyballanlagen"
      },
      "geometry": {
        "type": "Point",
        "coordinates": [
          7.668789121185986,
          51.906848411553796
        ]
      }
    },
    {
      "type": "Feature",
      "properties": {
        "ID": 363,
        "Plz": 48159.0,
        "Strname": "Pastorsesch",
        "Hsnr": 34.0,
        "Rechtswert": 3404774.0,
        "Hochwert": 5763658.0,
        "Kategorie": "Turn- und Sporthallen",
        "Typ": "Einfachhallen"
      },
      "geometry": {
        "type": "Point",
        "coordinates": [
          7.612383446450718,
          51.9986219297935
        ]
      }
    },
    {
      "type": "Feature",
      "properties": {
        "ID": 364,
        "Plz": 48155.0,
        "Strname": "Pleistermühlenweg",
        "Hsnr": 119.0,
        "Rechtswert": 3409708.0,
        "Hochwert": 5759599.0,
        "Kategorie": "Bezirkssportanlage",
        "Typ": "überlassen"
      },
      "geometry": {
        "type": "Point",
        "coordinates": [
          7.685272068413838,
          51.96297521362316
        ]
      }
    },
    {
      "type": "Feature",
      "properties": {
        "ID": 365,
        "Plz": 48145.0,
        "Strname": "Pötterhoek",
        "Hsnr": 45.0,
        "Rechtswert": 3407555.0,
        "Hochwert": 5760802.0,
        "Kategorie": "Sportaußenanlagen an Schulen",
        "Typ": "Förderschulen"
      },
      "geometry": {
        "type": "Point",
        "coordinates": [
          7.653633497915628,
          51.97343055406968
        ]
      }
    },
    {
      "type": "Feature",
      "properties": {
        "ID": 366,
        "Plz": 48145.0,
        "Strname": "Pötterhoek",
        "Hsnr": 49.0,
        "Rechtswert": 3407575.0,
        "Hochwert": 5760700.0,
        "Kategorie": "Sportaußenanlagen an Schulen",
        "Typ": "Grundschulen"
      },
      "geometry": {
        "type": "Point",
        "coordinates": [
          7.653951899082173,
          51.972517412589866
        ]
      }
    },
    {
      "type": "Feature",
      "properties": {
        "ID": 367,
        "Plz": 48151.0,
        "Strname": "Prinz-Eugen-Straße",
        "Hsnr": 27.0,
        "Rechtswert": 3405133.0,
        "Hochwert": 5757915.0,
        "Kategorie": "Turn- und Sporthallen",
        "Typ": "Einfachhallen"
      },
      "geometry": {
        "type": "Point",
        "coordinates": [
          7.619194737898525,
          51.947083501376945
        ]
      }
    },
    {
      "type": "Feature",
      "properties": {
        "ID": 368,
        "Plz": 48151.0,
        "Strname": "Prinz-Eugen-Straße",
        "Hsnr": 27.0,
        "Rechtswert": 3405133.0,
        "Hochwert": 5757915.0,
        "Kategorie": "Turn- und Sporthallen",
        "Typ": "Gymnastikräume"
      },
      "geometry": {
        "type": "Point",
        "coordinates": [
          7.619194737898525,
          51.947083501376945
        ]
      }
    },
    {
      "type": "Feature",
      "properties": {
        "ID": 369,
        "Plz": 48151.0,
        "Strname": "Prinz-Eugen-Straße",
        "Hsnr": 27.0,
        "Rechtswert": 3405133.0,
        "Hochwert": 5757915.0,
        "Kategorie": "Turn- und Sporthallen",
        "Typ": "Zweifachhalle"
      },
      "geometry": {
        "type": "Point",
        "coordinates": [
          7.619194737898525,
          51.947083501376945
        ]
      }
    },
    {
      "type": "Feature",
      "properties": {
        "ID": 370,
        "Plz": 48151.0,
        "Strname": "Prinz-Eugen-Straße",
        "Hsnr": 27.0,
        "Rechtswert": 3405133.0,
        "Hochwert": 5757915.0,
        "Kategorie": "Sportaußenanlagen an Schulen",
        "Typ": "Gymnasien/B.-Kollegs"
      },
      "geometry": {
        "type": "Point",
        "coordinates": [
          7.619194737898525,
          51.947083501376945
        ]
      }
    },
    {
      "type": "Feature",
      "properties": {
        "ID": 371,
        "Plz": 48153.0,
        "Strname": "Scheibenstraße",
        "Hsnr": 114.0,
        "Rechtswert": 3405683.0,
        "Hochwert": 5756933.0,
        "Kategorie": "Turn- und Sporthallen",
        "Typ": "Einfachhallen"
      },
      "geometry": {
        "type": "Point",
        "coordinates": [
          7.627460541736788,
          51.93835377628265
        ]
      }
    },
    {
      "type": "Feature",
      "properties": {
        "ID": 372,
        "Plz": 48163.0,
        "Strname": "Schürbusch",
        "Hsnr": 45.0,
        "Rechtswert": 3402690.0,
        "Hochwert": 5756094.0,
        "Kategorie": "Sportaußenanlagen an Schulen",
        "Typ": "Grundschulen"
      },
      "geometry": {
        "type": "Point",
        "coordinates": [
          7.584190000400369,
          51.930300644119924
        ]
      }
    },
    {
      "type": "Feature",
      "properties": {
        "ID": 373,
        "Plz": 48163.0,
        "Strname": "Schwarzer Kamp",
        "Hsnr": 41.0,
        "Rechtswert": 3401715.0,
        "Hochwert": 5755793.0,
        "Kategorie": "Bezirkssportanlage",
        "Typ": "überlassen"
      },
      "geometry": {
        "type": "Point",
        "coordinates": [
          7.570105489572239,
          51.927425079622445
        ]
      }
    },
    {
      "type": "Feature",
      "properties": {
        "ID": 374,
        "Plz": 48143.0,
        "Strname": "Sonnenstraße",
        "Hsnr": 18.0,
        "Rechtswert": 3406157.0,
        "Hochwert": 5759673.0,
        "Kategorie": "Turn- und Sporthallen",
        "Typ": "Einfachhallen"
      },
      "geometry": {
        "type": "Point",
        "coordinates": [
          7.633603553227378,
          51.96305251248035
        ]
      }
    },
    {
      "type": "Feature",
      "properties": {
        "ID": 375,
        "Plz": 48153.0,
        "Strname": "Spichernstraße",
        "Hsnr": 17.0,
        "Rechtswert": 3405388.0,
        "Hochwert": 5756541.0,
        "Kategorie": "Turn- und Sporthallen",
        "Typ": "Einfachhallen"
      },
      "geometry": {
        "type": "Point",
        "coordinates": [
          7.62327994173343,
          51.93478165881008
        ]
      }
    },
    {
      "type": "Feature",
      "properties": {
        "ID": 376,
        "Plz": 48153.0,
        "Strname": "Spichernstraße",
        "Hsnr": 17.0,
        "Rechtswert": 3405388.0,
        "Hochwert": 5756541.0,
        "Kategorie": "Turn- und Sporthallen",
        "Typ": "Einfachhallen"
      },
      "geometry": {
        "type": "Point",
        "coordinates": [
          7.62327994173343,
          51.93478165881008
        ]
      }
    },
    {
      "type": "Feature",
      "properties": {
        "ID": 377,
        "Plz": 48153.0,
        "Strname": "Spichernstraße",
        "Hsnr": 17.0,
        "Rechtswert": 3405388.0,
        "Hochwert": 5756541.0,
        "Kategorie": "Sportaußenanlagen an Schulen",
        "Typ": "Haupt-/Realschulen"
      },
      "geometry": {
        "type": "Point",
        "coordinates": [
          7.62327994173343,
          51.93478165881008
        ]
      }
    },
    {
      "type": "Feature",
      "properties": {
        "ID": 378,
        "Plz": 48143.0,
        "Strname": "Stiftsherrenstraße",
        "Hsnr": 40.0,
        "Rechtswert": 3406007.0,
        "Hochwert": 5759945.0,
        "Kategorie": "Turn- und Sporthallen",
        "Typ": "Einfachhallen"
      },
      "geometry": {
        "type": "Point",
        "coordinates": [
          7.631347480011996,
          51.965471082346546
        ]
      }
    },
    {
      "type": "Feature",
      "properties": {
        "ID": 379,
        "Plz": 48143.0,
        "Strname": "Stiftsherrenstraße",
        "Hsnr": 40.0,
        "Rechtswert": 3406007.0,
        "Hochwert": 5759945.0,
        "Kategorie": "Sportaußenanlagen an Schulen",
        "Typ": "Grundschulen"
      },
      "geometry": {
        "type": "Point",
        "coordinates": [
          7.631347480011996,
          51.965471082346546
        ]
      }
    },
    {
      "type": "Feature",
      "properties": {
        "ID": 380,
        "Plz": 48145.0,
        "Strname": "Stiftsstraße",
        "Hsnr": 17.0,
        "Rechtswert": 3407253.0,
        "Hochwert": 5759735.0,
        "Kategorie": "Turn- und Sporthallen",
        "Typ": "Einfachhallen"
      },
      "geometry": {
        "type": "Point",
        "coordinates": [
          7.649527900104064,
          51.96379334522912
        ]
      }
    },
    {
      "type": "Feature",
      "properties": {
        "ID": 381,
        "Plz": 48145.0,
        "Strname": "Stiftsstraße",
        "Hsnr": 17.0,
        "Rechtswert": 3407253.0,
        "Hochwert": 5759735.0,
        "Kategorie": "Sportaußenanlagen an Schulen",
        "Typ": "Grundschulen"
      },
      "geometry": {
        "type": "Point",
        "coordinates": [
          7.649527900104064,
          51.96379334522912
        ]
      }
    },
    {
      "type": "Feature",
      "properties": {
        "ID": 382,
        "Plz": 48147.0,
        "Strname": "Thomas-Morus-Weg",
        "Hsnr": 5.0,
        "Rechtswert": 3406956.0,
        "Hochwert": 5760930.0,
        "Kategorie": "Turn- und Sporthallen",
        "Typ": "Einfachhallen"
      },
      "geometry": {
        "type": "Point",
        "coordinates": [
          7.644884501463101,
          51.97448074606285
        ]
      }
    },
    {
      "type": "Feature",
      "properties": {
        "ID": 383,
        "Plz": 48147.0,
        "Strname": "Thomas-Morus-Weg",
        "Hsnr": 5.0,
        "Rechtswert": 3406956.0,
        "Hochwert": 5760930.0,
        "Kategorie": "Sportaußenanlagen an Schulen",
        "Typ": "Grundschulen"
      },
      "geometry": {
        "type": "Point",
        "coordinates": [
          7.644884501463101,
          51.97448074606285
        ]
      }
    },
    {
      "type": "Feature",
      "properties": {
        "ID": 384,
        "Plz": 48161.0,
        "Strname": "Tilbecker Straße",
        "Hsnr": 24.0,
        "Rechtswert": 3398979.0,
        "Hochwert": 5758848.0,
        "Kategorie": "Turn- und Sporthallen",
        "Typ": "Dreifachhallen"
      },
      "geometry": {
        "type": "Point",
        "coordinates": [
          7.529447832230787,
          51.95438342770304
        ]
      }
    },
    {
      "type": "Feature",
      "properties": {
        "ID": 385,
        "Plz": 48161.0,
        "Strname": "Tilbecker Straße",
        "Hsnr": 24.0,
        "Rechtswert": 3398979.0,
        "Hochwert": 5758848.0,
        "Kategorie": "Sportaußenanlagen an Schulen",
        "Typ": "Schulzentren"
      },
      "geometry": {
        "type": "Point",
        "coordinates": [
          7.529447832230787,
          51.95438342770304
        ]
      }
    },
    {
      "type": "Feature",
      "properties": {
        "ID": 386,
        "Plz": 48161.0,
        "Strname": "Tilbecker Straße",
        "Hsnr": 34.0,
        "Rechtswert": 3398839.0,
        "Hochwert": 5758905.0,
        "Kategorie": "Bezirkssportanlage",
        "Typ": "nicht überlassen"
      },
      "geometry": {
        "type": "Point",
        "coordinates": [
          7.527395296549042,
          51.954870116516496
        ]
      }
    },
    {
      "type": "Feature",
      "properties": {
        "ID": 387,
        "Plz": 48161.0,
        "Strname": "Tilbecker Straße",
        "Hsnr": 34.0,
        "Rechtswert": 3398839.0,
        "Hochwert": 5758905.0,
        "Kategorie": "Sondersportanlagen",
        "Typ": "Bouleanlagen"
      },
      "geometry": {
        "type": "Point",
        "coordinates": [
          7.527395296549042,
          51.954870116516496
        ]
      }
    },
    {
      "type": "Feature",
      "properties": {
        "ID": 388,
        "Plz": 48161.0,
        "Strname": "Tilbecker Straße",
        "Hsnr": 34.0,
        "Rechtswert": 3398839.0,
        "Hochwert": 5758905.0,
        "Kategorie": "Sondersportanlagen",
        "Typ": "Speckbrettanlagen"
      },
      "geometry": {
        "type": "Point",
        "coordinates": [
          7.527395296549042,
          51.954870116516496
        ]
      }
    },
    {
      "type": "Feature",
      "properties": {
        "ID": 389,
        "Plz": 48161.0,
        "Strname": "Tilbecker Straße",
        "Hsnr": 36.0,
        "Rechtswert": 3398779.0,
        "Hochwert": 5758874.0,
        "Kategorie": "Sondersportanlagen",
        "Typ": "Beachvolleyballanlagen"
      },
      "geometry": {
        "type": "Point",
        "coordinates": [
          7.526531936513234,
          51.954580688741125
        ]
      }
    },
    {
      "type": "Feature",
      "properties": {
        "ID": 390,
        "Plz": 48161.0,
        "Strname": "Toppheideweg",
        "Hsnr": 91.0,
        "Rechtswert": 3401636.0,
        "Hochwert": 5761018.0,
        "Kategorie": "Sportaußenanlagen an Schulen",
        "Typ": "Grundschulen"
      },
      "geometry": {
        "type": "Point",
        "coordinates": [
          7.567463519008388,
          51.97435600417784
        ]
      }
    },
    {
      "type": "Feature",
      "properties": {
        "ID": 391,
        "Plz": 48147.0,
        "Strname": "Uppenkampstiege",
        "Hsnr": 17.0,
        "Rechtswert": 3405666.0,
        "Hochwert": 5761119.0,
        "Kategorie": "Turn- und Sporthallen",
        "Typ": "Dreifachhallen"
      },
      "geometry": {
        "type": "Point",
        "coordinates": [
          7.626065204282686,
          51.975961588565625
        ]
      }
    },
    {
      "type": "Feature",
      "properties": {
        "ID": 392,
        "Plz": 48147.0,
        "Strname": "Uppenkampstiege",
        "Hsnr": 17.0,
        "Rechtswert": 3405666.0,
        "Hochwert": 5761119.0,
        "Kategorie": "Sondersportanlagen",
        "Typ": "Beachvolleyballanlagen"
      },
      "geometry": {
        "type": "Point",
        "coordinates": [
          7.626065204282686,
          51.975961588565625
        ]
      }
    },
    {
      "type": "Feature",
      "properties": {
        "ID": 393,
        "Plz": 48147.0,
        "Strname": "Uppenkampstiege",
        "Hsnr": 17.0,
        "Rechtswert": 3405666.0,
        "Hochwert": 5761119.0,
        "Kategorie": "Sportaußenanlagen an Schulen",
        "Typ": "Gymnasien/B.-Kollegs"
      },
      "geometry": {
        "type": "Point",
        "coordinates": [
          7.626065204282686,
          51.975961588565625
        ]
      }
    },
    {
      "type": "Feature",
      "properties": {
        "ID": 394,
        "Plz": 48167.0,
        "Strname": "Vörnste Esch",
        "Hsnr": 19.0,
        "Rechtswert": 3408797.0,
        "Hochwert": 5756176.0,
        "Kategorie": "Turn- und Sporthallen",
        "Typ": "Einfachhallen"
      },
      "geometry": {
        "type": "Point",
        "coordinates": [
          7.672928922694899,
          51.932070761493144
        ]
      }
    },
    {
      "type": "Feature",
      "properties": {
        "ID": 395,
        "Plz": 48167.0,
        "Strname": "Vörnste Esch",
        "Hsnr": 19.0,
        "Rechtswert": 3408797.0,
        "Hochwert": 5756176.0,
        "Kategorie": "Sportaußenanlagen an Schulen",
        "Typ": "Grundschulen"
      },
      "geometry": {
        "type": "Point",
        "coordinates": [
          7.672928922694899,
          51.932070761493144
        ]
      }
    },
    {
      "type": "Feature",
      "properties": {
        "ID": 396,
        "Plz": 48151.0,
        "Strname": "Vogel-von-Falkenstein-Straße",
        "Hsnr": 4.0,
        "Rechtswert": 3405354.0,
        "Hochwert": 5758514.0,
        "Kategorie": "Turn- und Sporthallen",
        "Typ": "Einfachhallen"
      },
      "geometry": {
        "type": "Point",
        "coordinates": [
          7.622243181011612,
          51.95250305342846
        ]
      }
    },
    {
      "type": "Feature",
      "properties": {
        "ID": 397,
        "Plz": 48151.0,
        "Strname": "Vogel-von-Falkenstein-Straße",
        "Hsnr": 4.0,
        "Rechtswert": 3405354.0,
        "Hochwert": 5758514.0,
        "Kategorie": "Sportaußenanlagen an Schulen",
        "Typ": "Grundschulen"
      },
      "geometry": {
        "type": "Point",
        "coordinates": [
          7.622243181011612,
          51.95250305342846
        ]
      }
    },
    {
      "type": "Feature",
      "properties": {
        "ID": 398,
        "Plz": 48149.0,
        "Strname": "Von-Esmarch-Straße",
        "Hsnr": 15.0,
        "Rechtswert": 3403594.0,
        "Hochwert": 5759846.0,
        "Kategorie": "Turn- und Sporthallen",
        "Typ": "Einfachhallen"
      },
      "geometry": {
        "type": "Point",
        "coordinates": [
          7.596277453630589,
          51.964168714652466
        ]
      }
    },
    {
      "type": "Feature",
      "properties": {
        "ID": 399,
        "Plz": 48149.0,
        "Strname": "Von-Esmarch-Straße",
        "Hsnr": 15.0,
        "Rechtswert": 3403594.0,
        "Hochwert": 5759846.0,
        "Kategorie": "Sportaußenanlagen an Schulen",
        "Typ": "Haupt-/Realschulen"
      },
      "geometry": {
        "type": "Point",
        "coordinates": [
          7.596277453630589,
          51.964168714652466
        ]
      }
    },
    {
      "type": "Feature",
      "properties": {
        "ID": 400,
        "Plz": 48167.0,
        "Strname": "Von-Holte-Straße",
        "Hsnr": 56.0,
        "Rechtswert": 3411946.0,
        "Hochwert": 5754161.0,
        "Kategorie": "Turn- und Sporthallen",
        "Typ": "Zweifachhalle"
      },
      "geometry": {
        "type": "Point",
        "coordinates": [
          7.719214914114383,
          51.91447222098535
        ]
      }
    },
    {
      "type": "Feature",
      "properties": {
        "ID": 401,
        "Plz": 48167.0,
        "Strname": "Von-Holte-Straße",
        "Hsnr": 56.0,
        "Rechtswert": 3411946.0,
        "Hochwert": 5754161.0,
        "Kategorie": "Turn- und Sporthallen",
        "Typ": "Dreifachhallen"
      },
      "geometry": {
        "type": "Point",
        "coordinates": [
          7.719214914114383,
          51.91447222098535
        ]
      }
    },
    {
      "type": "Feature",
      "properties": {
        "ID": 402,
        "Plz": 48167.0,
        "Strname": "Von-Holte-Straße",
        "Hsnr": 56.0,
        "Rechtswert": 3411946.0,
        "Hochwert": 5754161.0,
        "Kategorie": "Sportaußenanlagen an Schulen",
        "Typ": "Schulzentren"
      },
      "geometry": {
        "type": "Point",
        "coordinates": [
          7.719214914114383,
          51.91447222098535
        ]
      }
    },
    {
      "type": "Feature",
      "properties": {
        "ID": 403,
        "Plz": 48159.0,
        "Strname": "Von-Humboldt-Straße",
        "Hsnr": 14.0,
        "Rechtswert": 3404181.0,
        "Hochwert": 5763628.0,
        "Kategorie": "Turn- und Sporthallen",
        "Typ": "Dreifachhallen"
      },
      "geometry": {
        "type": "Point",
        "coordinates": [
          7.603760090094616,
          51.998250458069364
        ]
      }
    },
    {
      "type": "Feature",
      "properties": {
        "ID": 404,
        "Plz": 48159.0,
        "Strname": "Von-Humboldt-Straße",
        "Hsnr": 14.0,
        "Rechtswert": 3404181.0,
        "Hochwert": 5763628.0,
        "Kategorie": "Turn- und Sporthallen",
        "Typ": "Zweifachhalle"
      },
      "geometry": {
        "type": "Point",
        "coordinates": [
          7.603760090094616,
          51.998250458069364
        ]
      }
    },
    {
      "type": "Feature",
      "properties": {
        "ID": 405,
        "Plz": 48159.0,
        "Strname": "Wangeroogeweg",
        "Hsnr": 18.0,
        "Rechtswert": 3405113.0,
        "Hochwert": 5763493.0,
        "Kategorie": "Bezirkssportanlage",
        "Typ": "überlassen"
      },
      "geometry": {
        "type": "Point",
        "coordinates": [
          7.617363601465383,
          51.9971974273317
        ]
      }
    },
    {
      "type": "Feature",
      "properties": {
        "ID": 406,
        "Plz": 48159.0,
        "Strname": "Wangeroogeweg",
        "Hsnr": 18.0,
        "Rechtswert": 3405113.0,
        "Hochwert": 5763493.0,
        "Kategorie": "Sondersportanlagen",
        "Typ": "Bouleanlagen"
      },
      "geometry": {
        "type": "Point",
        "coordinates": [
          7.617363601465383,
          51.9971974273317
        ]
      }
    },
    {
      "type": "Feature",
      "properties": {
        "ID": 407,
        "Plz": 48159.0,
        "Strname": "Wangeroogeweg",
        "Hsnr": 18.0,
        "Rechtswert": 3405113.0,
        "Hochwert": 5763493.0,
        "Kategorie": "Sondersportanlagen",
        "Typ": "Beachvolleyballanlagen"
      },
      "geometry": {
        "type": "Point",
        "coordinates": [
          7.617363601465383,
          51.9971974273317
        ]
      }
    },
    {
      "type": "Feature",
      "properties": {
        "ID": 408,
        "Plz": 48165.0,
        "Strname": "Westfalenstraße",
        "Hsnr": 201.0,
        "Rechtswert": 3406490.0,
        "Hochwert": 5752730.0,
        "Kategorie": "Turn- und Sporthallen",
        "Typ": "Zweifachhalle"
      },
      "geometry": {
        "type": "Point",
        "coordinates": [
          7.640332000679758,
          51.90072598338262
        ]
      }
    },
    {
      "type": "Feature",
      "properties": {
        "ID": 409,
        "Plz": 48165.0,
        "Strname": "Westfalenstraße",
        "Hsnr": 201.0,
        "Rechtswert": 3406490.0,
        "Hochwert": 5752730.0,
        "Kategorie": "Turn- und Sporthallen",
        "Typ": "Dreifachhallen"
      },
      "geometry": {
        "type": "Point",
        "coordinates": [
          7.640332000679758,
          51.90072598338262
        ]
      }
    },
    {
      "type": "Feature",
      "properties": {
        "ID": 410,
        "Plz": 48165.0,
        "Strname": "Westfalenstraße",
        "Hsnr": 240.0,
        "Rechtswert": 3406510.0,
        "Hochwert": 5752347.0,
        "Kategorie": "Bezirkssportanlage",
        "Typ": "nicht überlassen"
      },
      "geometry": {
        "type": "Point",
        "coordinates": [
          7.640726263058182,
          51.89728807273351
        ]
      }
    },
    {
      "type": "Feature",
      "properties": {
        "ID": 411,
        "Plz": 48163.0,
        "Strname": "Wiedaustraße",
        "Hsnr": 114.0,
        "Rechtswert": 3402174.0,
        "Hochwert": 5752082.0,
        "Kategorie": "Sportaußenanlagen an Schulen",
        "Typ": "Grundschulen"
      },
      "geometry": {
        "type": "Point",
        "coordinates": [
          7.577828832614077,
          51.8941634086873
        ]
      }
    },
    {
      "type": "Feature",
      "properties": {
        "ID": 412,
        "Plz": 48147.0,
        "Strname": "Wienburgstraße",
        "Hsnr": 52.0,
        "Rechtswert": 3405514.0,
        "Hochwert": 5761089.0,
        "Kategorie": "Turn- und Sporthallen",
        "Typ": "Einfachhallen"
      },
      "geometry": {
        "type": "Point",
        "coordinates": [
          7.623862034953264,
          51.97566624137405
        ]
      }
    },
    {
      "type": "Feature",
      "properties": {
        "ID": 413,
        "Plz": 48163.0,
        "Strname": "Zum Häpper",
        "Hsnr": 10.0,
        "Rechtswert": 3404182.0,
        "Hochwert": 5751020.0,
        "Kategorie": "Turn- und Sporthallen",
        "Typ": "Einfachhallen"
      },
      "geometry": {
        "type": "Point",
        "coordinates": [
          7.607284287700363,
          51.88496997912093
        ]
      }
    },
    {
      "type": "Feature",
      "properties": {
        "ID": 414,
        "Plz": 48163.0,
        "Strname": "Zum Häpper",
        "Hsnr": 10.0,
        "Rechtswert": 3404182.0,
        "Hochwert": 5751020.0,
        "Kategorie": "Turn- und Sporthallen",
        "Typ": "Gymnastikräume"
      },
      "geometry": {
        "type": "Point",
        "coordinates": [
          7.607284287700363,
          51.88496997912093
        ]
      }
    },
    {
      "type": "Feature",
      "properties": {
        "ID": 415,
        "Plz": 48163.0,
        "Strname": "Zum Häpper",
        "Hsnr": 24.0,
        "Rechtswert": 3404388.0,
        "Hochwert": 5751146.0,
        "Kategorie": "Bezirkssportanlage",
        "Typ": "überlassen"
      },
      "geometry": {
        "type": "Point",
        "coordinates": [
          7.610240382840253,
          51.88613742090645
        ]
      }
    },
    {
      "type": "Feature",
      "properties": {
        "ID": 416,
        "Plz": 48163.0,
        "Strname": "Zum Häpper",
        "Hsnr": 24.0,
        "Rechtswert": 3404388.0,
        "Hochwert": 5751146.0,
        "Kategorie": "Sondersportanlagen",
        "Typ": "Bouleanlagen"
      },
      "geometry": {
        "type": "Point",
        "coordinates": [
          7.610240382840253,
          51.88613742090645
        ]
      }
    },
    {
      "type": "Feature",
      "properties": {
        "ID": 417,
        "Plz": 48163.0,
        "Strname": "Zum Häpper",
        "Hsnr": 24.0,
        "Rechtswert": 3404388.0,
        "Hochwert": 5751146.0,
        "Kategorie": "Sondersportanlagen",
        "Typ": "Beachvolleyballanlagen"
      },
      "geometry": {
        "type": "Point",
        "coordinates": [
          7.610240382840253,
          51.88613742090645
        ]
      }
    },
    {
      "type": "Feature",
      "properties": {
        "ID": 418,
        "Plz": 48165.0,
        "Strname": "Zum Hiltruper See",
        "Hsnr": 171.0,
        "Rechtswert": 3407608.0,
        "Hochwert": 5751422.0,
        "Kategorie": "Sondersportanlagen",
        "Typ": "Beachvolleyballanlagen"
      },
      "geometry": {
        "type": "Point",
        "coordinates": [
          7.65692076383267,
          51.88915983313996
        ]
      }
    },
    {
      "type": "Feature",
      "properties": {
        "ID": 419,
        "Plz": 48161.0,
        "Strname": "Diekmannstraße/ Gievenbecker Reihe",
        "Rechtswert": 3401616.0,
        "Hochwert": 5759945.0,
        "Kategorie": "",
        "Typ": ""
      },
      "geometry": {
        "type": "Point",
        "coordinates": [
          7.56747973703779,
          51.96471195712213
        ]
      }
    },
    {
      "type": "Feature",
      "properties": {
        "ID": 420,
        "Plz": 48161.0,
        "Strname": "Diekmannstraße/ Gievenbecker Reihe",
        "Rechtswert": 3401616.0,
        "Hochwert": 5759945.0,
        "Kategorie": "Sondersportanlagen",
        "Typ": "Beachvolleyballanlagen"
      },
      "geometry": {
        "type": "Point",
        "coordinates": [
          7.56747973703779,
          51.96471195712213
        ]
      }
    },
    {
      "type": "Feature",
      "properties": {
        "ID": 421,
        "Plz": 48163.0,
        "Strname": "Wienburgstraße",
        "Hsnr": 141.0,
        "Rechtswert": 3405399.0,
        "Hochwert": 5761595.0,
        "Kategorie": "",
        "Typ": ""
      },
      "geometry": {
        "type": "Point",
        "coordinates": [
          7.622049576942077,
          51.98019301541003
        ]
      }
    },
    {
      "type": "Feature",
      "properties": {
        "ID": 422,
        "Plz": 48159.0,
        "Strname": "Große Wiese",
        "Hsnr": 30.0,
        "Rechtswert": 3404587.0,
        "Hochwert": 5763917.0,
        "Kategorie": "",
        "Typ": ""
      },
      "geometry": {
        "type": "Point",
        "coordinates": [
          7.609589429940937,
          52.00091690255389
        ]
      }
    },
    {
      "type": "Feature",
      "properties": {
        "ID": 423,
        "Plz": 48159.0,
        "Strname": "Große Wiese",
        "Hsnr": 30.0,
        "Rechtswert": 3404587.0,
        "Hochwert": 5763917.0,
        "Kategorie": "Sondersportanlage",
        "Typ": "Trimmanlagen"
      },
      "geometry": {
        "type": "Point",
        "coordinates": [
          7.609589429940937,
          52.00091690255389
        ]
      }
    },
    {
      "type": "Feature",
      "properties": {
        "ID": 424,
        "Plz": 48159.0,
        "Strname": "Große Wiese",
        "Hsnr": 30.0,
        "Rechtswert": 3404587.0,
        "Hochwert": 5763917.0,
        "Kategorie": "Sondersportanlage",
        "Typ": "Speckbrettanlagen"
      },
      "geometry": {
        "type": "Point",
        "coordinates": [
          7.609589429940937,
          52.00091690255389
        ]
      }
    },
    {
      "type": "Feature",
      "properties": {
        "ID": 425,
        "Plz": 48153.0,
        "Strname": "Robert-Bosch-Straße",
        "Rechtswert": 3405832.0,
        "Hochwert": 5756388.0,
        "Kategorie": "",
        "Typ": ""
      },
      "geometry": {
        "type": "Point",
        "coordinates": [
          7.629775553384584,
          51.933482209269194
        ]
      }
    },
    {
      "type": "Feature",
      "properties": {
        "ID": 426,
        "Plz": 48157.0,
        "Strname": "Dyckburgstraße",
        "Hsnr": 468.0,
        "Rechtswert": 3410740.0,
        "Hochwert": 5763710.0,
        "Kategorie": "Sondersportanlagen",
        "Typ": "Bouleanlagen"
      },
      "geometry": {
        "type": "Point",
        "coordinates": [
          7.699214015323276,
          52.000079509114464
        ]
      }
    },
    {
      "type": "Feature",
      "properties": {
        "ID": 427,
        "Plz": 48163.0,
        "Strname": "Hohe Geist",
        "Hsnr": 7.0,
        "Rechtswert": 3398945.0,
        "Hochwert": 5755412.0,
        "Kategorie": "Sondersportanlagen",
        "Typ": "Speckbrettanlagen"
      },
      "geometry": {
        "type": "Point",
        "coordinates": [
          7.529961986954766,
          51.92350641322306
        ]
      }
    },
    {
      "type": "Feature",
      "properties": {
        "ID": 428,
        "Plz": 48163.0,
        "Strname": "Hohe Geist",
        "Hsnr": 7.0,
        "Rechtswert": 3398945.0,
        "Hochwert": 5755412.0,
        "Kategorie": "Sondersportanlagen",
        "Typ": "Beachvolleyballanlagen"
      },
      "geometry": {
        "type": "Point",
        "coordinates": [
          7.529961986954766,
          51.92350641322306
        ]
      }
    },
    {
      "type": "Feature",
      "properties": {
        "ID": 429,
        "Plz": 48145.0,
        "Strname": "Manfred-von-Richthofen-Straße",
        "Hsnr": 56.0,
        "Rechtswert": 3407768.0,
        "Hochwert": 5759133.0,
        "Kategorie": "Sondersportanlage",
        "Typ": "Bouleanlagen"
      },
      "geometry": {
        "type": "Point",
        "coordinates": [
          7.657180097351453,
          51.95846999225512
        ]
      }
    },
    {
      "type": "Feature",
      "properties": {
        "ID": 430,
        "Plz": 48155.0,
        "Strname": "Pleistermühlenweg",
        "Hsnr": 119.0,
        "Rechtswert": 3409708.0,
        "Hochwert": 5759599.0,
        "Kategorie": "Sondersportanlage",
        "Typ": "Bouleanlagen"
      },
      "geometry": {
        "type": "Point",
        "coordinates": [
          7.685272068413838,
          51.96297521362316
        ]
      }
    },
    {
      "type": "Feature",
      "properties": {
        "ID": 431,
        "Plz": 48153.0,
        "Strname": "Dahlweg",
        "Hsnr": 45.0,
        "Rechtswert": 3405648.0,
        "Hochwert": 5757679.0,
        "Kategorie": "Sondersportanlage",
        "Typ": "Bouleanlage"
      },
      "geometry": {
        "type": "Point",
        "coordinates": [
          7.62674727637073,
          51.9450505834941
        ]
      }
    },
    {
      "type": "Feature",
      "properties": {
        "ID": 432,
        "Plz": 48157.0,
        "Strname": "Hoher Heckenweg",
        "Hsnr": 221.0,
        "Rechtswert": 3407088.0,
        "Hochwert": 5762233.0,
        "Kategorie": "Sondersportanlage",
        "Typ": "Beachvolleyballanlage"
      },
      "geometry": {
        "type": "Point",
        "coordinates": [
          7.646452400149629,
          51.986210155773
        ]
      }
    },
    {
      "type": "Feature",
      "properties": {
        "ID": 433,
        "Plz": 48145.0,
        "Strname": "Manfred-von-Richthofen-Straße",
        "Hsnr": 56.0,
        "Rechtswert": 3407837.0,
        "Hochwert": 5759125.0,
        "Kategorie": "Sondersportanlage",
        "Typ": "Skateanlage"
      },
      "geometry": {
        "type": "Point",
        "coordinates": [
          7.658185733322199,
          51.95840954353048
        ]
      }
    },
    {
      "type": "Feature",
      "properties": {
        "ID": 434,
        "Plz": 48165.0,
        "Strname": "Zum Hiltruper See",
        "Rechtswert": 3407115.0,
        "Hochwert": 5751102.0,
        "Kategorie": "Sondersportanlage",
        "Typ": "Trimmanlage"
      },
      "geometry": {
        "type": "Point",
        "coordinates": [
          7.649848028362196,
          51.88620274069304
        ]
      }
    }
  ]
}